series_index,group_tag,query_tag,label_tag,sample_count
1,2,854,56,2017
2,2,272,56,2017
3,2,286,56,2017
4,2,905,56,2017
5,2,44,56,2017
6,2,1129,56,2017
7,2,262,56,2017
8,2,520,56,2017
9,2,887,56,2017
10,2,309,56,2017
11,2,150,56,2017
12,2,1120,56,2017
13,2,804,56,2017
14,2,629,56,2017
15,2,85,56,2017
16,2,515,56,2017
17,2,489,56,2017
18,2,197,56,2017
19,2,172,56,2017
20,2,114,56,2017
21,2,669,56,2017
22,2,994,56,2017
23,2,650,56,2017
24,2,269,56,2017
25,2,689,56,2017
26,2,910,56,2017
27,2,84,56,2017
28,2,79,56,2017
29,2,4,56,2017
30,2,945,56,2017
31,2,1058,56,2017
32,2,357,56,2017
33,2,450,56,2017
34,2,843,56,2017
35,2,94,56,2017
36,2,794,56,2017
37,2,154,56,2017
38,2,15,56,2017
39,2,383,56,2017
40,2,683,56,2017
41,2,329,69,2017
42,2,391,56,2017
43,2,228,56,2017
44,2,443,56,2017
45,2,366,56,2017
46,2,253,56,2017
47,2,1067,56,2017
48,2,130,56,2017
49,2,112,56,2017
50,2,54,56,2017
51,2,904,56,2017
52,2,647,56,2017
53,2,712,56,2017
54,2,624,56,2017
55,2,614,56,2017
56,2,185,56,2017
57,2,1060,51,2017
58,2,1060,67,2017
59,2,626,56,2017
60,2,155,56,2017
61,2,941,56,2017
62,2,353,56,2017
63,2,342,56,2017
64,2,148,56,2017
65,2,864,56,2017
66,2,325,56,2017
67,2,76,56,2017
68,2,229,56,2017
69,2,1101,56,2017
70,2,534,56,2017
71,2,35,56,2017
72,2,537,56,2017
73,2,207,56,2017
74,2,499,56,2017
75,2,714,56,2017
76,2,778,56,2017
77,2,1034,56,2017
78,2,498,56,2017
79,2,1041,22,2017
80,2,588,22,2015
81,2,337,45,2017
82,2,184,45,2015
83,2,869,22,2010
84,2,717,22,2010
85,2,146,22,2017
86,2,774,22,2015
87,2,798,42,2017
88,2,829,42,2015
89,2,659,42,2015
90,2,952,42,2017
91,2,293,42,2015
92,2,912,42,2015
93,2,619,42,2015
94,2,964,42,2015
95,2,538,42,2017
96,2,336,42,2015
97,2,349,42,2015
98,2,955,42,2017
99,2,1118,42,2015
100,2,702,42,2015
101,2,1031,42,2015
102,2,797,42,2015
103,2,652,42,2015
104,2,681,42,2015
105,2,439,42,2015
106,2,31,42,2015
107,2,1066,42,2015
108,2,83,42,2017
109,2,918,42,2015
110,2,583,42,2017
111,2,734,42,2015
112,2,1024,42,2015
113,2,30,42,2015
114,2,276,42,2015
115,2,605,42,2015
116,2,1056,42,2015
117,2,1065,42,2015
118,2,655,42,2015
119,2,993,42,2015
120,2,235,42,2015
121,2,5,42,2015
122,2,999,18,2017
123,2,999,19,2017
124,2,999,54,2017
125,2,999,95,2017
126,2,999,110,2017
127,2,999,111,2017
128,2,297,18,2015
129,2,297,19,2015
130,2,297,54,2015
131,2,297,95,2015
132,2,297,110,2015
133,2,297,111,2015
134,2,627,4,2017
135,2,627,8,2007
136,2,627,11,2017
137,2,627,12,2017
138,2,627,27,2017
139,2,627,55,2017
140,2,627,57,2017
141,2,627,65,2017
142,2,627,75,2017
143,2,627,80,2017
144,2,627,98,2017
145,2,627,103,2017
146,2,627,107,2017
147,2,627,112,2017
148,2,300,4,2015
149,2,300,11,2015
150,2,300,12,2015
151,2,300,27,2015
152,2,300,55,2015
153,2,300,57,2015
154,2,300,65,2015
155,2,300,75,2002
156,2,300,80,2015
157,2,300,98,2015
158,2,300,103,2015
159,2,300,107,2015
160,2,300,112,2015
161,2,584,18,2010
162,2,584,19,2010
163,2,584,54,2010
164,2,584,95,2010
165,2,584,110,2010
166,2,584,111,2010
167,2,239,18,2010
168,2,239,19,2010
169,2,239,54,2010
170,2,239,95,2010
171,2,239,110,2010
172,2,239,111,2010
173,2,740,18,2017
174,2,740,19,2017
175,2,740,54,2017
176,2,740,95,2017
177,2,740,110,2017
178,2,740,111,2017
179,2,980,18,2015
180,2,980,19,2015
181,2,980,54,2015
182,2,980,95,2015
183,2,980,110,2015
184,2,980,111,2015
185,2,351,42,2017
186,2,783,42,2015
187,2,1078,42,2015
188,2,75,42,2015
189,2,1004,42,2015
190,2,844,42,2015
191,2,1135,42,2015
192,2,18,42,2015
193,2,409,42,2015
194,2,1040,42,2017
195,2,424,42,2015
196,2,1006,34,2003
197,2,671,42,2015
198,2,412,42,2015
199,2,1027,42,2015
200,2,96,42,2015
201,2,543,42,2015
202,2,490,42,2017
203,2,194,42,2015
204,2,1108,42,2017
205,2,637,42,2015
206,2,987,42,2015
207,2,1073,42,2015
208,2,202,42,2015
209,2,576,42,2015
210,2,370,42,2015
211,2,996,42,2017
212,2,487,42,2015
213,2,789,42,2017
214,2,486,42,2015
215,2,26,42,2010
216,2,153,42,2010
217,2,521,42,2010
218,2,13,42,2015
219,2,679,97,2017
220,2,1021,97,2015
221,2,640,97,2016
222,2,143,97,2017
223,2,39,97,2015
224,2,934,97,2016
225,2,989,97,2016
226,2,1032,97,2016
227,2,565,97,2017
228,2,768,97,2015
229,2,457,97,2016
230,2,206,97,2017
231,2,737,97,2015
232,2,861,97,2016
233,2,928,97,2016
234,2,209,97,2016
235,2,1091,97,2016
236,2,1131,97,2016
237,2,1018,97,2016
238,2,222,97,2016
239,2,907,97,2016
240,2,42,97,2017
241,2,1064,97,2015
242,2,509,97,2017
243,2,1080,97,2015
244,2,674,97,2016
245,2,315,97,2016
246,2,32,97,2016
247,2,296,97,2016
248,2,317,97,2016
249,2,289,97,2016
250,2,875,97,2016
251,2,435,97,2016
252,2,579,97,2016
253,2,517,97,2016
254,2,649,97,2017
255,2,767,97,2015
256,2,622,97,2016
257,2,763,97,2016
258,2,531,97,2016
259,2,893,97,2016
260,2,816,97,2016
261,2,208,97,2016
262,2,953,97,2016
263,2,188,97,2016
264,2,126,97,2016
265,2,735,97,2016
266,2,581,97,2016
267,2,1113,97,2016
268,2,776,97,2016
269,2,160,97,2016
270,2,91,97,2016
271,2,283,97,2016
272,2,7,97,2016
273,2,701,97,2016
274,2,644,97,2016
275,2,751,97,2016
276,2,311,97,2016
277,2,121,97,2016
278,2,29,97,2016
279,2,838,97,2016
280,2,123,97,2016
281,2,803,97,2016
282,2,1035,97,2016
283,2,98,97,2016
284,2,636,97,2017
285,2,713,97,2015
286,2,37,97,2017
287,2,43,97,2015
288,2,694,97,2015
289,2,752,97,2015
290,2,607,97,2015
291,2,1114,97,2015
292,2,692,97,2015
293,2,889,97,2017
294,2,554,97,2015
295,2,643,97,2017
296,2,837,97,2015
297,2,453,97,2017
298,2,572,97,2015
299,2,407,97,2017
300,2,556,97,2015
301,2,828,97,2017
302,2,1068,97,2015
303,2,69,97,2016
304,2,68,97,2016
305,2,27,97,2016
306,2,428,97,2016
307,2,630,97,2016
308,2,578,97,2017
309,2,856,97,2015
310,2,603,97,2017
311,2,129,97,2015
312,2,612,97,2017
313,2,302,97,2015
314,2,812,97,2017
315,2,902,97,2015
316,2,1123,97,2017
317,2,639,97,2015
318,2,631,97,2017
319,2,1017,97,2015
320,2,343,97,2017
321,2,1050,97,2015
322,2,261,97,2016
323,2,947,97,2016
324,2,426,97,2016
325,2,656,97,2016
326,2,168,97,2016
327,2,879,97,2016
328,2,314,97,2016
329,2,460,97,2017
330,2,921,97,2015
331,2,291,97,2017
332,2,266,97,2015
333,2,670,97,2017
334,2,472,97,2015
335,2,1055,97,2016
336,2,399,97,2017
337,2,991,97,2015
338,2,547,97,2016
339,2,118,97,2016
340,2,390,97,2016
341,2,805,97,2017
342,2,760,97,2015
343,2,755,97,2017
344,2,885,97,2015
345,2,927,97,2017
346,2,1047,97,2015
347,2,310,97,2017
348,2,216,97,2015
349,2,1097,97,2016
350,2,862,97,2016
351,2,1125,97,2016
352,2,819,97,2016
353,2,113,97,2017
354,2,303,97,2015
355,2,834,97,2017
356,2,559,97,2015
357,2,749,97,2016
358,2,167,97,2016
359,2,1071,97,2017
360,2,519,97,2015
361,2,1048,97,2016
362,2,384,97,2017
363,2,690,97,2015
364,2,899,97,2016
365,2,406,97,2016
366,2,971,97,2016
367,2,762,97,2016
368,2,775,97,2016
369,2,983,97,2016
370,2,292,97,2016
371,2,330,97,2016
372,2,33,97,2016
373,2,17,97,2016
374,2,923,97,2016
375,2,230,97,2016
376,2,756,97,2016
377,2,411,97,2016
378,2,10,97,2016
379,2,593,97,2016
380,2,546,97,2016
381,2,959,97,2016
382,2,782,97,2016
383,2,388,97,2017
384,2,1100,97,2015
385,2,530,97,2016
386,2,1011,97,2016
387,2,378,97,2017
388,2,672,97,2015
389,2,792,97,2017
390,2,1008,97,2015
391,2,452,97,2016
392,2,2,97,2016
393,2,104,97,2016
394,2,345,97,2016
395,2,60,97,2016
396,2,540,97,2016
397,2,957,97,2016
398,2,1126,97,2016
399,2,738,97,2016
400,2,433,97,2016
401,2,851,97,2016
402,2,780,97,2016
403,2,284,97,2016
404,2,744,97,2016
405,2,995,97,2017
406,2,181,97,2015
407,2,777,97,2017
408,2,1088,97,2015
409,2,124,97,2016
410,2,233,97,2016
411,2,523,97,2016
412,2,615,97,2016
413,2,1009,97,2016
414,2,1053,97,2016
415,2,1054,97,2016
416,2,352,97,2016
417,2,115,97,2016
418,2,198,97,2016
419,2,215,97,2016
420,2,956,97,2016
421,2,706,97,2017
422,2,722,97,2015
423,2,425,97,2016
424,2,1022,97,2016
425,2,106,97,2016
426,2,177,97,2016
427,2,332,97,2016
428,2,1106,97,2016
429,2,596,97,2016
430,2,14,97,2016
431,2,504,97,2016
432,2,750,97,2016
433,2,287,97,2016
434,2,268,15,2007
435,2,268,24,2007
436,2,268,46,2007
437,2,268,47,2006
438,2,268,62,2007
439,2,268,63,2007
440,2,268,70,2007
441,2,268,92,2007
442,2,268,101,2007
443,2,924,15,2007
444,2,924,24,2007
445,2,924,46,2007
446,2,924,47,2006
447,2,924,62,2007
448,2,924,63,2007
449,2,924,70,2007
450,2,924,92,2007
451,2,924,101,2007
452,2,716,1,2005
453,2,716,6,2007
454,2,716,13,2007
455,2,716,14,2007
456,2,716,21,2007
457,2,716,32,2007
458,2,716,40,2007
459,2,716,44,2006
460,2,716,68,2007
461,2,716,109,2007
462,2,119,9,2006
463,2,119,10,2007
464,2,119,26,2007
465,2,119,29,2007
466,2,119,31,2006
467,2,119,33,2006
468,2,119,35,2007
469,2,119,36,2006
470,2,119,73,2007
471,2,119,77,2000
472,2,119,89,2006
473,2,119,94,2007
474,2,119,96,2006
475,2,119,106,2006
476,2,119,108,2005
477,2,119,113,2006
478,2,1090,9,2006
479,2,1090,10,2007
480,2,1090,26,2007
481,2,1090,29,2007
482,2,1090,31,2006
483,2,1090,33,2006
484,2,1090,35,2007
485,2,1090,36,2006
486,2,1090,73,2007
487,2,1090,77,2000
488,2,1090,89,2006
489,2,1090,94,2007
490,2,1090,96,2006
491,2,1090,106,2006
492,2,1090,108,2005
493,2,1090,113,2006
494,3,334,28,2017
495,3,334,48,2017
496,3,334,53,2017
497,3,334,58,2017
498,3,334,66,2017
499,3,334,90,2017
500,3,839,28,2017
501,3,839,48,2017
502,3,839,53,2017
503,3,839,58,2017
504,3,839,66,2017
505,3,839,90,2017
506,3,686,28,2017
507,3,686,48,2017
508,3,686,53,2017
509,3,686,58,2017
510,3,686,66,2017
511,3,686,90,2017
512,3,445,28,2017
513,3,445,48,2017
514,3,445,53,2017
515,3,445,58,2017
516,3,445,66,2017
517,3,445,90,2017
518,3,41,28,2017
519,3,41,48,2017
520,3,41,53,2017
521,3,41,58,2017
522,3,41,66,2017
523,3,41,90,2017
524,3,484,28,2017
525,3,484,48,2017
526,3,484,53,2017
527,3,484,58,2017
528,3,484,66,2017
529,3,484,90,2017
530,3,1046,28,2017
531,3,1046,48,2017
532,3,1046,53,2017
533,3,1046,58,2017
534,3,1046,66,2017
535,3,1046,90,2017
536,3,514,28,2017
537,3,514,48,2017
538,3,514,53,2017
539,3,514,58,2017
540,3,514,66,2017
541,3,514,90,2017
542,3,658,28,2017
543,3,658,48,2017
544,3,658,53,2017
545,3,658,58,2017
546,3,658,66,2017
547,3,658,90,2017
548,3,761,28,2017
549,3,761,48,2017
550,3,761,53,2017
551,3,761,58,2017
552,3,761,66,2017
553,3,761,90,2017
554,3,67,28,2017
555,3,67,48,2017
556,3,67,53,2017
557,3,67,58,2017
558,3,67,66,2017
559,3,67,90,2017
560,3,217,28,2017
561,3,217,48,2017
562,3,217,53,2017
563,3,217,58,2017
564,3,217,66,2017
565,3,217,90,2017
566,3,855,28,2017
567,3,855,48,2017
568,3,855,53,2017
569,3,855,58,2017
570,3,855,66,2017
571,3,855,90,2017
572,3,1049,28,2017
573,3,1049,48,2017
574,3,1049,53,2017
575,3,1049,58,2017
576,3,1049,66,2017
577,3,1049,90,2017
578,3,732,28,2017
579,3,732,48,2017
580,3,732,53,2017
581,3,732,58,2017
582,3,732,66,2017
583,3,732,90,2017
584,3,853,28,2017
585,3,853,48,2017
586,3,853,53,2017
587,3,853,58,2017
588,3,853,66,2017
589,3,853,90,2017
590,3,56,28,2017
591,3,56,48,2017
592,3,56,53,2017
593,3,56,58,2017
594,3,56,66,2017
595,3,56,90,2017
596,3,688,28,2017
597,3,688,48,2017
598,3,688,53,2017
599,3,688,58,2017
600,3,688,66,2017
601,3,688,90,2017
602,3,429,28,2017
603,3,429,48,2017
604,3,429,53,2017
605,3,429,58,2017
606,3,429,66,2017
607,3,429,90,2017
608,3,710,28,2017
609,3,710,48,2017
610,3,710,53,2017
611,3,710,58,2017
612,3,710,66,2017
613,3,710,90,2017
614,3,410,28,2017
615,3,410,48,2017
616,3,410,53,2017
617,3,410,58,2017
618,3,410,66,2017
619,3,410,90,2017
620,3,493,28,2017
621,3,493,48,2017
622,3,493,53,2017
623,3,493,58,2017
624,3,493,66,2017
625,3,493,90,2017
626,3,326,28,2017
627,3,326,48,2017
628,3,326,53,2017
629,3,326,58,2017
630,3,326,66,2017
631,3,326,90,2017
632,3,597,28,2017
633,3,597,48,2017
634,3,597,53,2017
635,3,597,58,2017
636,3,597,66,2017
637,3,597,90,2017
638,3,965,28,2017
639,3,965,48,2017
640,3,965,53,2017
641,3,965,58,2017
642,3,965,66,2017
643,3,965,90,2017
644,3,99,28,2017
645,3,99,48,2017
646,3,99,53,2017
647,3,99,58,2017
648,3,99,66,2017
649,3,99,90,2017
650,3,464,28,2017
651,3,464,48,2017
652,3,464,53,2017
653,3,464,58,2017
654,3,464,66,2017
655,3,464,90,2017
656,3,223,28,2017
657,3,223,48,2017
658,3,223,53,2017
659,3,223,58,2017
660,3,223,66,2017
661,3,223,90,2017
662,3,746,28,2017
663,3,746,48,2017
664,3,746,53,2017
665,3,746,58,2017
666,3,746,66,2017
667,3,746,90,2017
668,3,951,28,2017
669,3,951,48,2017
670,3,951,53,2017
671,3,951,58,2017
672,3,951,66,2017
673,3,951,90,2017
674,3,618,28,2017
675,3,618,48,2017
676,3,618,53,2017
677,3,618,58,2017
678,3,618,66,2017
679,3,618,90,2017
680,3,255,28,2017
681,3,255,48,2017
682,3,255,53,2017
683,3,255,58,2017
684,3,255,66,2017
685,3,255,90,2017
686,3,379,28,2017
687,3,379,48,2017
688,3,379,53,2017
689,3,379,58,2017
690,3,379,66,2017
691,3,379,90,2017
692,3,876,28,2017
693,3,876,48,2017
694,3,876,53,2017
695,3,876,58,2017
696,3,876,66,2017
697,3,876,90,2017
698,3,562,28,2017
699,3,562,48,2017
700,3,562,53,2017
701,3,562,58,2017
702,3,562,66,2017
703,3,562,90,2017
704,3,108,28,2017
705,3,108,48,2017
706,3,108,53,2017
707,3,108,58,2017
708,3,108,66,2017
709,3,108,90,2017
710,3,90,28,2017
711,3,90,48,2017
712,3,90,53,2017
713,3,90,58,2017
714,3,90,66,2017
715,3,90,90,2017
716,3,773,28,2017
717,3,773,48,2017
718,3,773,53,2017
719,3,773,58,2017
720,3,773,66,2017
721,3,773,90,2017
722,3,754,28,2017
723,3,754,48,2017
724,3,754,53,2017
725,3,754,58,2017
726,3,754,66,2017
727,3,754,90,2017
728,3,81,28,2017
729,3,81,48,2017
730,3,81,53,2017
731,3,81,58,2017
732,3,81,66,2017
733,3,81,90,2017
734,3,381,28,2017
735,3,381,48,2017
736,3,381,53,2017
737,3,381,58,2017
738,3,381,66,2017
739,3,381,90,2017
740,3,695,28,2017
741,3,695,48,2017
742,3,695,53,2017
743,3,695,58,2017
744,3,695,66,2017
745,3,695,90,2017
746,3,368,28,2017
747,3,368,48,2017
748,3,368,53,2017
749,3,368,58,2017
750,3,368,66,2017
751,3,368,90,2017
752,3,6,28,2017
753,3,6,48,2017
754,3,6,53,2017
755,3,6,58,2017
756,3,6,66,2017
757,3,6,90,2017
758,3,550,28,2017
759,3,550,48,2017
760,3,550,53,2017
761,3,550,58,2017
762,3,550,66,2017
763,3,550,90,2017
764,3,444,28,2017
765,3,444,48,2017
766,3,444,53,2017
767,3,444,58,2017
768,3,444,66,2017
769,3,444,90,2017
770,3,796,28,2017
771,3,796,48,2017
772,3,796,53,2017
773,3,796,58,2017
774,3,796,66,2017
775,3,796,90,2017
776,3,165,28,2017
777,3,165,48,2017
778,3,165,53,2017
779,3,165,58,2017
780,3,165,66,2017
781,3,165,90,2017
782,3,359,28,2017
783,3,359,48,2017
784,3,359,53,2017
785,3,359,58,2017
786,3,359,66,2017
787,3,359,90,2017
788,3,628,28,2017
789,3,628,48,2017
790,3,628,53,2017
791,3,628,58,2017
792,3,628,66,2017
793,3,628,90,2017
794,3,248,28,2017
795,3,248,48,2017
796,3,248,53,2017
797,3,248,58,2017
798,3,248,66,2017
799,3,248,90,2017
800,3,86,28,2017
801,3,86,48,2017
802,3,86,53,2017
803,3,86,58,2017
804,3,86,66,2017
805,3,86,90,2017
806,3,158,28,2017
807,3,158,48,2017
808,3,158,53,2017
809,3,158,58,2017
810,3,158,66,2017
811,3,158,90,2017
812,3,766,28,2017
813,3,766,48,2017
814,3,766,53,2017
815,3,766,58,2017
816,3,766,66,2017
817,3,766,90,2017
818,3,954,28,2017
819,3,954,48,2017
820,3,954,53,2017
821,3,954,58,2017
822,3,954,66,2017
823,3,954,90,2017
824,3,748,28,2017
825,3,748,48,2017
826,3,748,53,2017
827,3,748,58,2017
828,3,748,66,2017
829,3,748,90,2017
830,3,304,28,2017
831,3,304,48,2017
832,3,304,53,2017
833,3,304,58,2017
834,3,304,66,2017
835,3,304,90,2017
836,3,1059,28,2017
837,3,1059,48,2017
838,3,1059,53,2017
839,3,1059,58,2017
840,3,1059,66,2017
841,3,1059,90,2017
842,3,827,5,2017
843,3,827,17,2017
844,3,827,25,2017
845,3,827,59,2017
846,3,827,79,2017
847,3,827,102,2017
848,3,1104,5,2017
849,3,1104,17,2017
850,3,1104,25,2017
851,3,1104,59,2017
852,3,1104,79,2017
853,3,1104,102,2017
854,3,385,5,2017
855,3,385,17,2017
856,3,385,25,2017
857,3,385,59,2017
858,3,385,79,2017
859,3,385,102,2017
860,3,189,5,2017
861,3,189,17,2017
862,3,189,25,2017
863,3,189,59,2017
864,3,189,79,2017
865,3,189,102,2017
866,3,82,5,2017
867,3,82,17,2017
868,3,82,25,2017
869,3,82,59,2017
870,3,82,79,2017
871,3,82,102,2017
872,3,1019,5,2017
873,3,1019,17,2017
874,3,1019,25,2017
875,3,1019,59,2017
876,3,1019,79,2017
877,3,1019,102,2017
878,3,985,5,2017
879,3,985,17,2017
880,3,985,25,2017
881,3,985,59,2017
882,3,985,79,2017
883,3,985,102,2017
884,3,814,5,2017
885,3,814,17,2017
886,3,814,25,2017
887,3,814,59,2017
888,3,814,79,2017
889,3,814,102,2017
890,3,720,5,2017
891,3,720,17,2017
892,3,720,25,2017
893,3,720,59,2017
894,3,720,79,2017
895,3,720,102,2017
896,3,866,5,2017
897,3,866,17,2017
898,3,866,25,2017
899,3,866,59,2017
900,3,866,79,2017
901,3,866,102,2017
902,3,1043,5,2017
903,3,1043,17,2017
904,3,1043,25,2017
905,3,1043,59,2017
906,3,1043,79,2017
907,3,1043,102,2017
908,3,1098,5,2017
909,3,1098,17,2017
910,3,1098,25,2017
911,3,1098,59,2017
912,3,1098,79,2017
913,3,1098,102,2017
914,3,201,5,2017
915,3,201,17,2017
916,3,201,25,2017
917,3,201,59,2017
918,3,201,79,2017
919,3,201,102,2017
920,3,237,5,2017
921,3,237,17,2017
922,3,237,25,2017
923,3,237,59,2017
924,3,237,79,2017
925,3,237,102,2017
926,3,949,5,2017
927,3,949,17,2017
928,3,949,25,2017
929,3,949,59,2017
930,3,949,79,2017
931,3,949,102,2017
932,3,967,5,2017
933,3,967,17,2017
934,3,967,25,2017
935,3,967,59,2017
936,3,967,79,2017
937,3,967,102,2017
938,3,781,5,2017
939,3,781,17,2017
940,3,781,25,2017
941,3,781,59,2017
942,3,781,79,2017
943,3,781,102,2017
944,3,497,5,2017
945,3,497,17,2017
946,3,497,25,2017
947,3,497,59,2017
948,3,497,79,2017
949,3,497,102,2017
950,3,133,5,2017
951,3,133,17,2017
952,3,133,25,2017
953,3,133,59,2017
954,3,133,79,2017
955,3,133,102,2017
956,3,95,5,2017
957,3,95,17,2017
958,3,95,25,2017
959,3,95,59,2017
960,3,95,79,2017
961,3,95,102,2017
962,3,1085,5,2017
963,3,1085,17,2017
964,3,1085,25,2017
965,3,1085,59,2017
966,3,1085,79,2017
967,3,1085,102,2017
968,3,1079,5,2017
969,3,1079,17,2017
970,3,1079,25,2017
971,3,1079,59,2017
972,3,1079,79,2017
973,3,1079,102,2017
974,3,978,5,2017
975,3,978,17,2017
976,3,978,25,2017
977,3,978,59,2017
978,3,978,79,2017
979,3,978,102,2017
980,3,93,5,2017
981,3,93,17,2017
982,3,93,25,2017
983,3,93,59,2017
984,3,93,79,2017
985,3,93,102,2017
986,3,473,5,2017
987,3,473,17,2017
988,3,473,25,2017
989,3,473,59,2017
990,3,473,79,2017
991,3,473,102,2017
992,3,1095,5,2017
993,3,1095,17,2017
994,3,1095,25,2017
995,3,1095,59,2017
996,3,1095,79,2017
997,3,1095,102,2017
998,3,675,5,2017
999,3,675,17,2017
1000,3,675,25,2017
1001,3,675,59,2017
1002,3,675,79,2017
1003,3,675,102,2017
1004,3,389,5,2017
1005,3,389,17,2017
1006,3,389,25,2017
1007,3,389,59,2017
1008,3,389,79,2017
1009,3,389,102,2017
1010,3,371,28,2017
1011,3,371,48,2017
1012,3,371,53,2017
1013,3,371,58,2017
1014,3,371,66,2017
1015,3,371,90,2017
1016,3,477,28,2017
1017,3,477,48,2017
1018,3,477,53,2017
1019,3,477,58,2017
1020,3,477,66,2017
1021,3,477,90,2017
1022,3,865,28,2017
1023,3,865,48,2017
1024,3,865,53,2017
1025,3,865,58,2017
1026,3,865,66,2017
1027,3,865,90,2017
1028,3,961,28,2017
1029,3,961,48,2017
1030,3,961,53,2017
1031,3,961,58,2017
1032,3,961,66,2017
1033,3,961,90,2017
1034,3,745,28,2017
1035,3,745,48,2017
1036,3,745,53,2017
1037,3,745,58,2017
1038,3,745,66,2017
1039,3,745,90,2017
1040,3,140,28,2017
1041,3,140,48,2017
1042,3,140,53,2017
1043,3,140,58,2017
1044,3,140,66,2017
1045,3,140,90,2017
1046,3,187,28,2017
1047,3,187,48,2017
1048,3,187,53,2017
1049,3,187,58,2017
1050,3,187,66,2017
1051,3,187,90,2017
1052,3,11,28,2017
1053,3,11,48,2017
1054,3,11,53,2017
1055,3,11,58,2017
1056,3,11,66,2017
1057,3,11,90,2017
1058,3,1133,28,2017
1059,3,1133,48,2017
1060,3,1133,53,2017
1061,3,1133,58,2017
1062,3,1133,66,2017
1063,3,1133,90,2017
1064,3,657,28,2017
1065,3,657,48,2017
1066,3,657,53,2017
1067,3,657,58,2017
1068,3,657,66,2017
1069,3,657,90,2017
1070,3,1052,28,2017
1071,3,1052,48,2017
1072,3,1052,53,2017
1073,3,1052,58,2017
1074,3,1052,66,2017
1075,3,1052,90,2017
1076,3,939,28,2017
1077,3,939,48,2017
1078,3,939,53,2017
1079,3,939,58,2017
1080,3,939,66,2017
1081,3,939,90,2017
1082,3,338,28,2017
1083,3,338,48,2017
1084,3,338,53,2017
1085,3,338,58,2017
1086,3,338,66,2017
1087,3,338,90,2017
1088,3,590,28,2017
1089,3,590,48,2017
1090,3,590,53,2017
1091,3,590,58,2017
1092,3,590,66,2017
1093,3,590,90,2017
1094,3,507,28,2017
1095,3,507,48,2017
1096,3,507,53,2017
1097,3,507,58,2017
1098,3,507,66,2017
1099,3,507,90,2017
1100,3,356,28,2017
1101,3,356,48,2017
1102,3,356,53,2017
1103,3,356,58,2017
1104,3,356,66,2017
1105,3,356,90,2017
1106,3,397,28,2017
1107,3,397,48,2017
1108,3,397,53,2017
1109,3,397,58,2017
1110,3,397,66,2017
1111,3,397,90,2017
1112,3,277,28,2017
1113,3,277,48,2017
1114,3,277,53,2017
1115,3,277,58,2017
1116,3,277,66,2017
1117,3,277,90,2017
1118,3,400,28,2017
1119,3,400,48,2017
1120,3,400,53,2017
1121,3,400,58,2017
1122,3,400,66,2017
1123,3,400,90,2017
1124,3,667,28,2017
1125,3,667,48,2017
1126,3,667,53,2017
1127,3,667,58,2017
1128,3,667,66,2017
1129,3,667,90,2017
1130,3,802,28,2017
1131,3,802,48,2017
1132,3,802,53,2017
1133,3,802,58,2017
1134,3,802,66,2017
1135,3,802,90,2017
1136,3,200,28,2017
1137,3,200,48,2017
1138,3,200,53,2017
1139,3,200,58,2017
1140,3,200,66,2017
1141,3,200,90,2017
1142,3,697,28,2017
1143,3,697,48,2017
1144,3,697,53,2017
1145,3,697,58,2017
1146,3,697,66,2017
1147,3,697,90,2017
1148,3,135,28,2017
1149,3,135,48,2017
1150,3,135,53,2017
1151,3,135,58,2017
1152,3,135,66,2017
1153,3,135,90,2017
1154,3,663,28,2017
1155,3,663,48,2017
1156,3,663,53,2017
1157,3,663,58,2017
1158,3,663,66,2017
1159,3,663,90,2017
1160,3,566,28,2017
1161,3,566,48,2017
1162,3,566,53,2017
1163,3,566,58,2017
1164,3,566,66,2017
1165,3,566,90,2017
1166,3,34,28,2017
1167,3,34,48,2017
1168,3,34,53,2017
1169,3,34,58,2017
1170,3,34,66,2017
1171,3,34,90,2017
1172,3,742,28,2017
1173,3,742,48,2017
1174,3,742,53,2017
1175,3,742,58,2017
1176,3,742,66,2017
1177,3,742,90,2017
1178,3,423,28,2017
1179,3,423,48,2017
1180,3,423,53,2017
1181,3,423,58,2017
1182,3,423,66,2017
1183,3,423,90,2017
1184,3,962,28,2017
1185,3,962,48,2017
1186,3,962,53,2017
1187,3,962,58,2017
1188,3,962,66,2017
1189,3,962,90,2017
1190,3,111,28,2017
1191,3,111,48,2017
1192,3,111,53,2017
1193,3,111,58,2017
1194,3,111,66,2017
1195,3,111,90,2017
1196,3,990,28,2017
1197,3,990,48,2017
1198,3,990,53,2017
1199,3,990,58,2017
1200,3,990,66,2017
1201,3,990,90,2017
1202,3,267,28,2017
1203,3,267,48,2017
1204,3,267,53,2017
1205,3,267,58,2017
1206,3,267,66,2017
1207,3,267,90,2017
1208,3,171,28,2017
1209,3,171,48,2017
1210,3,171,53,2017
1211,3,171,58,2017
1212,3,171,66,2017
1213,3,171,90,2017
1214,3,475,28,2017
1215,3,475,48,2017
1216,3,475,53,2017
1217,3,475,58,2017
1218,3,475,66,2017
1219,3,475,90,2017
1220,3,570,28,2017
1221,3,570,48,2017
1222,3,570,53,2017
1223,3,570,58,2017
1224,3,570,66,2017
1225,3,570,90,2017
1226,3,447,28,2017
1227,3,447,48,2017
1228,3,447,53,2017
1229,3,447,58,2017
1230,3,447,66,2017
1231,3,447,90,2017
1232,3,128,28,2017
1233,3,128,48,2017
1234,3,128,53,2017
1235,3,128,58,2017
1236,3,128,66,2017
1237,3,128,90,2017
1238,3,363,28,2017
1239,3,363,48,2017
1240,3,363,53,2017
1241,3,363,58,2017
1242,3,363,66,2017
1243,3,363,90,2017
1244,3,825,28,2017
1245,3,825,48,2017
1246,3,825,53,2017
1247,3,825,58,2017
1248,3,825,66,2017
1249,3,825,90,2017
1250,3,840,28,2017
1251,3,840,48,2017
1252,3,840,53,2017
1253,3,840,58,2017
1254,3,840,66,2017
1255,3,840,90,2017
1256,3,859,28,2017
1257,3,859,48,2017
1258,3,859,53,2017
1259,3,859,58,2017
1260,3,859,66,2017
1261,3,859,90,2017
1262,3,817,28,2017
1263,3,817,48,2017
1264,3,817,53,2017
1265,3,817,58,2017
1266,3,817,66,2017
1267,3,817,90,2017
1268,3,972,28,2017
1269,3,972,48,2017
1270,3,972,53,2017
1271,3,972,58,2017
1272,3,972,66,2017
1273,3,972,90,2017
1274,3,553,28,2017
1275,3,553,48,2017
1276,3,553,53,2017
1277,3,553,58,2017
1278,3,553,66,2017
1279,3,553,90,2017
1280,3,687,28,2017
1281,3,687,48,2017
1282,3,687,53,2017
1283,3,687,58,2017
1284,3,687,66,2017
1285,3,687,90,2017
1286,3,563,28,2017
1287,3,563,48,2017
1288,3,563,53,2017
1289,3,563,58,2017
1290,3,563,66,2017
1291,3,563,90,2017
1292,3,249,28,2017
1293,3,249,48,2017
1294,3,249,53,2017
1295,3,249,58,2017
1296,3,249,66,2017
1297,3,249,90,2017
1298,3,88,28,2017
1299,3,88,48,2017
1300,3,88,53,2017
1301,3,88,58,2017
1302,3,88,66,2017
1303,3,88,90,2017
1304,3,665,28,2017
1305,3,665,48,2017
1306,3,665,53,2017
1307,3,665,58,2017
1308,3,665,66,2017
1309,3,665,90,2017
1310,3,38,28,2017
1311,3,38,48,2017
1312,3,38,53,2017
1313,3,38,58,2017
1314,3,38,66,2017
1315,3,38,90,2017
1316,3,1001,28,2017
1317,3,1001,48,2017
1318,3,1001,53,2017
1319,3,1001,58,2017
1320,3,1001,66,2017
1321,3,1001,90,2017
1322,3,730,28,2017
1323,3,730,48,2017
1324,3,730,53,2017
1325,3,730,58,2017
1326,3,730,66,2017
1327,3,730,90,2017
1328,3,1111,28,2017
1329,3,1111,48,2017
1330,3,1111,53,2017
1331,3,1111,58,2017
1332,3,1111,66,2017
1333,3,1111,90,2017
1334,3,70,28,2017
1335,3,70,48,2017
1336,3,70,53,2017
1337,3,70,58,2017
1338,3,70,66,2017
1339,3,70,90,2017
1340,3,591,28,2017
1341,3,591,48,2017
1342,3,591,53,2017
1343,3,591,58,2017
1344,3,591,66,2017
1345,3,591,90,2017
1346,3,511,28,2017
1347,3,511,48,2017
1348,3,511,53,2017
1349,3,511,58,2017
1350,3,511,66,2017
1351,3,511,90,2017
1352,3,891,28,2017
1353,3,891,48,2017
1354,3,891,53,2017
1355,3,891,58,2017
1356,3,891,66,2017
1357,3,891,90,2017
1358,3,577,28,2017
1359,3,577,48,2017
1360,3,577,53,2017
1361,3,577,58,2017
1362,3,577,66,2017
1363,3,577,90,2017
1364,3,698,28,2017
1365,3,698,48,2017
1366,3,698,53,2017
1367,3,698,58,2017
1368,3,698,66,2017
1369,3,698,90,2017
1370,3,307,28,2017
1371,3,307,48,2017
1372,3,307,53,2017
1373,3,307,58,2017
1374,3,307,66,2017
1375,3,307,90,2017
1376,3,308,28,2017
1377,3,308,48,2017
1378,3,308,53,2017
1379,3,308,58,2017
1380,3,308,66,2017
1381,3,308,90,2017
1382,3,319,28,2017
1383,3,319,48,2017
1384,3,319,53,2017
1385,3,319,58,2017
1386,3,319,66,2017
1387,3,319,90,2017
1388,3,1134,28,2017
1389,3,1134,48,2017
1390,3,1134,53,2017
1391,3,1134,58,2017
1392,3,1134,66,2017
1393,3,1134,90,2017
1394,3,476,28,2017
1395,3,476,48,2017
1396,3,476,53,2017
1397,3,476,58,2017
1398,3,476,66,2017
1399,3,476,90,2017
1400,3,173,28,2017
1401,3,173,48,2017
1402,3,173,53,2017
1403,3,173,58,2017
1404,3,173,66,2017
1405,3,173,90,2017
1406,3,871,28,2017
1407,3,871,48,2017
1408,3,871,53,2017
1409,3,871,58,2017
1410,3,871,66,2017
1411,3,871,90,2017
1412,3,355,28,2017
1413,3,355,48,2017
1414,3,355,53,2017
1415,3,355,58,2017
1416,3,355,66,2017
1417,3,355,90,2017
1418,3,913,28,2017
1419,3,913,48,2017
1420,3,913,53,2017
1421,3,913,58,2017
1422,3,913,66,2017
1423,3,913,90,2017
1424,3,285,28,2017
1425,3,285,48,2017
1426,3,285,53,2017
1427,3,285,58,2017
1428,3,285,66,2017
1429,3,285,90,2017
1430,3,900,28,2017
1431,3,900,48,2017
1432,3,900,53,2017
1433,3,900,58,2017
1434,3,900,66,2017
1435,3,900,90,2017
1436,3,823,28,2017
1437,3,823,48,2017
1438,3,823,53,2017
1439,3,823,58,2017
1440,3,823,66,2017
1441,3,823,90,2017
1442,3,265,28,2017
1443,3,265,48,2017
1444,3,265,53,2017
1445,3,265,58,2017
1446,3,265,66,2017
1447,3,265,90,2017
1448,3,45,28,2017
1449,3,45,48,2017
1450,3,45,53,2017
1451,3,45,58,2017
1452,3,45,66,2017
1453,3,45,90,2017
1454,3,524,28,2017
1455,3,524,48,2017
1456,3,524,53,2017
1457,3,524,58,2017
1458,3,524,66,2017
1459,3,524,90,2017
1460,3,595,28,2017
1461,3,595,48,2017
1462,3,595,53,2017
1463,3,595,58,2017
1464,3,595,66,2017
1465,3,595,90,2017
1466,3,719,28,2017
1467,3,719,48,2017
1468,3,719,53,2017
1469,3,719,58,2017
1470,3,719,66,2017
1471,3,719,90,2017
1472,3,348,28,2017
1473,3,348,48,2017
1474,3,348,53,2017
1475,3,348,58,2017
1476,3,348,66,2017
1477,3,348,90,2017
1478,3,981,28,2017
1479,3,981,48,2017
1480,3,981,53,2017
1481,3,981,58,2017
1482,3,981,66,2017
1483,3,981,90,2017
1484,3,1023,28,2017
1485,3,1023,48,2017
1486,3,1023,53,2017
1487,3,1023,58,2017
1488,3,1023,66,2017
1489,3,1023,90,2017
1490,3,901,28,2017
1491,3,901,48,2017
1492,3,901,53,2017
1493,3,901,58,2017
1494,3,901,66,2017
1495,3,901,90,2017
1496,3,784,28,2017
1497,3,784,48,2017
1498,3,784,53,2017
1499,3,784,58,2017
1500,3,784,66,2017
1501,3,784,90,2017
1502,3,824,28,2017
1503,3,824,48,2017
1504,3,824,53,2017
1505,3,824,58,2017
1506,3,824,66,2017
1507,3,824,90,2017
1508,3,801,28,2017
1509,3,801,48,2017
1510,3,801,53,2017
1511,3,801,58,2017
1512,3,801,66,2017
1513,3,801,90,2017
1514,3,478,28,2017
1515,3,478,48,2017
1516,3,478,53,2017
1517,3,478,58,2017
1518,3,478,66,2017
1519,3,478,90,2017
1520,3,247,28,2017
1521,3,247,48,2017
1522,3,247,53,2017
1523,3,247,58,2017
1524,3,247,66,2017
1525,3,247,90,2017
1526,3,863,28,2017
1527,3,863,48,2017
1528,3,863,53,2017
1529,3,863,58,2017
1530,3,863,66,2017
1531,3,863,90,2017
1532,3,180,28,2017
1533,3,180,48,2017
1534,3,180,53,2017
1535,3,180,58,2017
1536,3,180,66,2017
1537,3,180,90,2017
1538,3,372,28,2017
1539,3,372,48,2017
1540,3,372,53,2017
1541,3,372,58,2017
1542,3,372,66,2017
1543,3,372,90,2017
1544,3,55,28,2017
1545,3,55,48,2017
1546,3,55,53,2017
1547,3,55,58,2017
1548,3,55,66,2017
1549,3,55,90,2017
1550,3,560,28,2017
1551,3,560,48,2017
1552,3,560,53,2017
1553,3,560,58,2017
1554,3,560,66,2017
1555,3,560,90,2017
1556,3,102,28,2017
1557,3,102,48,2017
1558,3,102,53,2017
1559,3,102,58,2017
1560,3,102,66,2017
1561,3,102,90,2017
1562,3,731,28,2017
1563,3,731,48,2017
1564,3,731,53,2017
1565,3,731,58,2017
1566,3,731,66,2017
1567,3,731,90,2017
1568,3,1039,28,2017
1569,3,1039,48,2017
1570,3,1039,53,2017
1571,3,1039,58,2017
1572,3,1039,66,2017
1573,3,1039,90,2017
1574,3,318,28,2017
1575,3,318,48,2017
1576,3,318,53,2017
1577,3,318,58,2017
1578,3,318,66,2017
1579,3,318,90,2017
1580,3,64,28,2017
1581,3,64,48,2017
1582,3,64,53,2017
1583,3,64,58,2017
1584,3,64,66,2017
1585,3,64,90,2017
1586,3,362,28,2017
1587,3,362,48,2017
1588,3,362,53,2017
1589,3,362,58,2017
1590,3,362,66,2017
1591,3,362,90,2017
1592,3,62,28,2017
1593,3,62,48,2017
1594,3,62,53,2017
1595,3,62,58,2017
1596,3,62,66,2017
1597,3,62,90,2017
1598,3,193,28,2017
1599,3,193,48,2017
1600,3,193,53,2017
1601,3,193,58,2017
1602,3,193,66,2017
1603,3,193,90,2017
1604,3,877,28,2017
1605,3,877,48,2017
1606,3,877,53,2017
1607,3,877,58,2017
1608,3,877,66,2017
1609,3,877,90,2017
1610,3,211,28,2017
1611,3,211,48,2017
1612,3,211,53,2017
1613,3,211,58,2017
1614,3,211,66,2017
1615,3,211,90,2017
1616,3,1076,28,2017
1617,3,1076,48,2017
1618,3,1076,53,2017
1619,3,1076,58,2017
1620,3,1076,66,2017
1621,3,1076,90,2017
1622,3,676,28,2017
1623,3,676,48,2017
1624,3,676,53,2017
1625,3,676,58,2017
1626,3,676,66,2017
1627,3,676,90,2017
1628,3,977,28,2017
1629,3,977,48,2017
1630,3,977,53,2017
1631,3,977,58,2017
1632,3,977,66,2017
1633,3,977,90,2017
1634,3,414,28,2017
1635,3,414,48,2017
1636,3,414,53,2017
1637,3,414,58,2017
1638,3,414,66,2017
1639,3,414,90,2017
1640,3,680,28,2017
1641,3,680,48,2017
1642,3,680,53,2017
1643,3,680,58,2017
1644,3,680,66,2017
1645,3,680,90,2017
1646,3,301,28,2017
1647,3,301,48,2017
1648,3,301,53,2017
1649,3,301,58,2017
1650,3,301,66,2017
1651,3,301,90,2017
1652,3,221,28,2017
1653,3,221,48,2017
1654,3,221,53,2017
1655,3,221,58,2017
1656,3,221,66,2017
1657,3,221,90,2017
1658,3,299,28,2017
1659,3,299,48,2017
1660,3,299,53,2017
1661,3,299,58,2017
1662,3,299,66,2017
1663,3,299,90,2017
1664,3,465,28,2017
1665,3,465,48,2017
1666,3,465,53,2017
1667,3,465,58,2017
1668,3,465,66,2017
1669,3,465,90,2017
1670,3,422,28,2017
1671,3,422,48,2017
1672,3,422,53,2017
1673,3,422,58,2017
1674,3,422,66,2017
1675,3,422,90,2017
1676,3,455,28,2017
1677,3,455,48,2017
1678,3,455,53,2017
1679,3,455,58,2017
1680,3,455,66,2017
1681,3,455,90,2017
1682,3,382,28,2017
1683,3,382,48,2017
1684,3,382,53,2017
1685,3,382,58,2017
1686,3,382,66,2017
1687,3,382,90,2017
1688,3,638,28,2017
1689,3,638,48,2017
1690,3,638,53,2017
1691,3,638,58,2017
1692,3,638,66,2017
1693,3,638,90,2017
1694,3,374,28,2017
1695,3,374,48,2017
1696,3,374,53,2017
1697,3,374,58,2017
1698,3,374,66,2017
1699,3,374,90,2017
1700,3,940,28,2017
1701,3,940,48,2017
1702,3,940,53,2017
1703,3,940,58,2017
1704,3,940,66,2017
1705,3,940,90,2017
1706,3,542,28,2017
1707,3,542,48,2017
1708,3,542,53,2017
1709,3,542,58,2017
1710,3,542,66,2017
1711,3,542,90,2017
1712,3,468,5,2017
1713,3,468,17,2017
1714,3,468,25,2017
1715,3,468,59,2017
1716,3,468,79,2017
1717,3,468,102,2017
1718,3,528,5,2017
1719,3,528,17,2017
1720,3,528,25,2017
1721,3,528,59,2017
1722,3,528,79,2017
1723,3,528,102,2017
1724,3,555,5,2017
1725,3,555,17,2017
1726,3,555,25,2017
1727,3,555,59,2017
1728,3,555,79,2017
1729,3,555,102,2017
1730,3,533,5,2017
1731,3,533,17,2017
1732,3,533,25,2017
1733,3,533,59,2017
1734,3,533,79,2017
1735,3,533,102,2017
1736,3,917,5,2017
1737,3,917,17,2017
1738,3,917,25,2017
1739,3,917,59,2017
1740,3,917,79,2017
1741,3,917,102,2017
1742,3,346,5,2017
1743,3,346,17,2017
1744,3,346,25,2017
1745,3,346,59,2017
1746,3,346,79,2017
1747,3,346,102,2017
1748,3,142,5,2017
1749,3,142,17,2017
1750,3,142,25,2017
1751,3,142,59,2017
1752,3,142,79,2017
1753,3,142,102,2017
1754,3,654,5,2017
1755,3,654,17,2017
1756,3,654,25,2017
1757,3,654,59,2017
1758,3,654,79,2017
1759,3,654,102,2017
1760,3,739,5,2017
1761,3,739,17,2017
1762,3,739,25,2017
1763,3,739,59,2017
1764,3,739,79,2017
1765,3,739,102,2017
1766,3,375,5,2017
1767,3,375,17,2017
1768,3,375,25,2017
1769,3,375,59,2017
1770,3,375,79,2017
1771,3,375,102,2017
1772,3,1051,5,2017
1773,3,1051,17,2017
1774,3,1051,25,2017
1775,3,1051,59,2017
1776,3,1051,79,2017
1777,3,1051,102,2017
1778,3,479,5,2017
1779,3,479,17,2017
1780,3,479,25,2017
1781,3,479,59,2017
1782,3,479,79,2017
1783,3,479,102,2017
1784,3,138,5,2017
1785,3,138,17,2017
1786,3,138,25,2017
1787,3,138,59,2017
1788,3,138,79,2017
1789,3,138,102,2017
1790,3,857,5,2017
1791,3,857,17,2017
1792,3,857,25,2017
1793,3,857,59,2017
1794,3,857,79,2017
1795,3,857,102,2017
1796,3,438,5,2017
1797,3,438,17,2017
1798,3,438,25,2017
1799,3,438,59,2017
1800,3,438,79,2017
1801,3,438,102,2017
1802,3,548,5,2017
1803,3,548,17,2017
1804,3,548,25,2017
1805,3,548,59,2017
1806,3,548,79,2017
1807,3,548,102,2017
1808,3,71,5,2017
1809,3,71,17,2017
1810,3,71,25,2017
1811,3,71,59,2017
1812,3,71,79,2017
1813,3,71,102,2017
1814,3,224,5,2017
1815,3,224,17,2017
1816,3,224,25,2017
1817,3,224,59,2017
1818,3,224,79,2017
1819,3,224,102,2017
1820,3,280,5,2017
1821,3,280,17,2017
1822,3,280,25,2017
1823,3,280,59,2017
1824,3,280,79,2017
1825,3,280,102,2017
1826,3,930,5,2017
1827,3,930,17,2017
1828,3,930,25,2017
1829,3,930,59,2017
1830,3,930,79,2017
1831,3,930,102,2017
1832,3,306,5,2017
1833,3,306,17,2017
1834,3,306,25,2017
1835,3,306,59,2017
1836,3,306,79,2017
1837,3,306,102,2017
1838,3,134,5,2017
1839,3,134,17,2017
1840,3,134,25,2017
1841,3,134,59,2017
1842,3,134,79,2017
1843,3,134,102,2017
1844,3,22,5,2017
1845,3,22,17,2017
1846,3,22,25,2017
1847,3,22,59,2017
1848,3,22,79,2017
1849,3,22,102,2017
1850,3,192,5,2017
1851,3,192,17,2017
1852,3,192,25,2017
1853,3,192,59,2017
1854,3,192,79,2017
1855,3,192,102,2017
1856,3,758,5,2017
1857,3,758,17,2017
1858,3,758,25,2017
1859,3,758,59,2017
1860,3,758,79,2017
1861,3,758,102,2017
1862,3,552,5,2017
1863,3,552,17,2017
1864,3,552,25,2017
1865,3,552,59,2017
1866,3,552,79,2017
1867,3,552,102,2017
1868,3,937,5,2017
1869,3,937,17,2017
1870,3,937,25,2017
1871,3,937,59,2017
1872,3,937,79,2017
1873,3,937,102,2017
1874,3,992,5,2017
1875,3,992,17,2017
1876,3,992,25,2017
1877,3,992,59,2017
1878,3,992,79,2017
1879,3,992,102,2017
1880,3,881,5,2017
1881,3,881,17,2017
1882,3,881,25,2017
1883,3,881,59,2017
1884,3,881,79,2017
1885,3,881,102,2017
1886,3,1037,5,2017
1887,3,1037,17,2017
1888,3,1037,25,2017
1889,3,1037,59,2017
1890,3,1037,79,2017
1891,3,1037,102,2017
1892,3,567,5,2017
1893,3,567,17,2017
1894,3,567,25,2017
1895,3,567,59,2017
1896,3,567,79,2017
1897,3,567,102,2017
1898,3,226,5,2017
1899,3,226,17,2017
1900,3,226,25,2017
1901,3,226,59,2017
1902,3,226,79,2017
1903,3,226,102,2017
1904,3,474,5,2017
1905,3,474,17,2017
1906,3,474,25,2017
1907,3,474,59,2017
1908,3,474,79,2017
1909,3,474,102,2017
1910,3,354,5,2017
1911,3,354,17,2017
1912,3,354,25,2017
1913,3,354,59,2017
1914,3,354,79,2017
1915,3,354,102,2017
1916,3,183,5,2017
1917,3,183,17,2017
1918,3,183,25,2017
1919,3,183,59,2017
1920,3,183,79,2017
1921,3,183,102,2017
1922,3,1063,5,2017
1923,3,1063,17,2017
1924,3,1063,25,2017
1925,3,1063,59,2017
1926,3,1063,79,2017
1927,3,1063,102,2017
1928,3,632,5,2017
1929,3,632,17,2017
1930,3,632,25,2017
1931,3,632,59,2017
1932,3,632,79,2017
1933,3,632,102,2017
1934,3,220,5,2017
1935,3,220,17,2017
1936,3,220,25,2017
1937,3,220,59,2017
1938,3,220,79,2017
1939,3,220,102,2017
1940,3,968,5,2017
1941,3,968,17,2017
1942,3,968,25,2017
1943,3,968,59,2017
1944,3,968,79,2017
1945,3,968,102,2017
1946,3,1096,5,2017
1947,3,1096,17,2017
1948,3,1096,25,2017
1949,3,1096,59,2017
1950,3,1096,79,2017
1951,3,1096,102,2017
1952,3,723,5,2017
1953,3,723,17,2017
1954,3,723,25,2017
1955,3,723,59,2017
1956,3,723,79,2017
1957,3,723,102,2017
1958,3,979,5,2017
1959,3,979,17,2017
1960,3,979,25,2017
1961,3,979,59,2017
1962,3,979,79,2017
1963,3,979,102,2017
1964,3,312,5,2017
1965,3,312,17,2017
1966,3,312,25,2017
1967,3,312,59,2017
1968,3,312,79,2017
1969,3,312,102,2017
1970,3,707,5,2017
1971,3,707,17,2017
1972,3,707,25,2017
1973,3,707,59,2017
1974,3,707,79,2017
1975,3,707,102,2017
1976,3,236,5,2017
1977,3,236,17,2017
1978,3,236,25,2017
1979,3,236,59,2017
1980,3,236,79,2017
1981,3,236,102,2017
1982,3,793,5,2017
1983,3,793,17,2017
1984,3,793,25,2017
1985,3,793,59,2017
1986,3,793,79,2017
1987,3,793,102,2017
1988,3,935,5,2017
1989,3,935,17,2017
1990,3,935,25,2017
1991,3,935,59,2017
1992,3,935,79,2017
1993,3,935,102,2017
1994,3,541,5,2017
1995,3,541,17,2017
1996,3,541,25,2017
1997,3,541,59,2017
1998,3,541,79,2017
1999,3,541,102,2017
2000,3,463,5,2017
2001,3,463,17,2017
2002,3,463,25,2017
2003,3,463,59,2017
2004,3,463,79,2017
2005,3,463,102,2017
2006,3,1122,5,2017
2007,3,1122,17,2017
2008,3,1122,25,2017
2009,3,1122,59,2017
2010,3,1122,79,2017
2011,3,1122,102,2017
2012,3,89,5,2017
2013,3,89,17,2017
2014,3,89,25,2017
2015,3,89,59,2017
2016,3,89,79,2017
2017,3,89,102,2017
2018,3,1084,5,2017
2019,3,1084,17,2017
2020,3,1084,25,2017
2021,3,1084,59,2017
2022,3,1084,79,2017
2023,3,1084,102,2017
2024,3,16,5,2017
2025,3,16,17,2017
2026,3,16,25,2017
2027,3,16,59,2017
2028,3,16,79,2017
2029,3,16,102,2017
2030,3,147,5,2017
2031,3,147,17,2017
2032,3,147,25,2017
2033,3,147,59,2017
2034,3,147,79,2017
2035,3,147,102,2017
2036,3,997,5,2017
2037,3,997,17,2017
2038,3,997,25,2017
2039,3,997,59,2017
2040,3,997,79,2017
2041,3,997,102,2017
2042,3,544,5,2017
2043,3,544,17,2017
2044,3,544,25,2017
2045,3,544,59,2017
2046,3,544,79,2017
2047,3,544,102,2017
2048,3,25,5,2017
2049,3,25,17,2017
2050,3,25,25,2017
2051,3,25,59,2017
2052,3,25,79,2017
2053,3,25,102,2017
2054,3,832,5,2017
2055,3,832,17,2017
2056,3,832,25,2017
2057,3,832,59,2017
2058,3,832,79,2017
2059,3,832,102,2017
2060,3,1012,5,2017
2061,3,1012,17,2017
2062,3,1012,25,2017
2063,3,1012,59,2017
2064,3,1012,79,2017
2065,3,1012,102,2017
2066,3,24,5,2017
2067,3,24,17,2017
2068,3,24,25,2017
2069,3,24,59,2017
2070,3,24,79,2017
2071,3,24,102,2017
2072,3,878,5,2017
2073,3,878,17,2017
2074,3,878,25,2017
2075,3,878,59,2017
2076,3,878,79,2017
2077,3,878,102,2017
2078,3,396,5,2017
2079,3,396,17,2017
2080,3,396,25,2017
2081,3,396,59,2017
2082,3,396,79,2017
2083,3,396,102,2017
2084,3,592,5,2017
2085,3,592,17,2017
2086,3,592,25,2017
2087,3,592,59,2017
2088,3,592,79,2017
2089,3,592,102,2017
2090,3,347,5,2017
2091,3,347,17,2017
2092,3,347,25,2017
2093,3,347,59,2017
2094,3,347,79,2017
2095,3,347,102,2017
2096,3,682,5,2017
2097,3,682,17,2017
2098,3,682,25,2017
2099,3,682,59,2017
2100,3,682,79,2017
2101,3,682,102,2017
2102,3,240,5,2017
2103,3,240,17,2017
2104,3,240,25,2017
2105,3,240,59,2017
2106,3,240,79,2017
2107,3,240,102,2017
2108,3,660,5,2017
2109,3,660,17,2017
2110,3,660,25,2017
2111,3,660,59,2017
2112,3,660,79,2017
2113,3,660,102,2017
2114,3,1109,5,2017
2115,3,1109,17,2017
2116,3,1109,25,2017
2117,3,1109,59,2017
2118,3,1109,79,2017
2119,3,1109,102,2017
2120,3,1057,5,2017
2121,3,1057,17,2017
2122,3,1057,25,2017
2123,3,1057,59,2017
2124,3,1057,79,2017
2125,3,1057,102,2017
2126,3,651,5,2017
2127,3,651,17,2017
2128,3,651,25,2017
2129,3,651,59,2017
2130,3,651,79,2017
2131,3,651,102,2017
2132,3,846,5,2017
2133,3,846,17,2017
2134,3,846,25,2017
2135,3,846,59,2017
2136,3,846,79,2017
2137,3,846,102,2017
2138,3,21,5,2017
2139,3,21,17,2017
2140,3,21,25,2017
2141,3,21,59,2017
2142,3,21,79,2017
2143,3,21,102,2017
2144,3,61,5,2017
2145,3,61,17,2017
2146,3,61,25,2017
2147,3,61,59,2017
2148,3,61,79,2017
2149,3,61,102,2017
2150,3,9,5,2017
2151,3,9,17,2017
2152,3,9,25,2017
2153,3,9,59,2017
2154,3,9,79,2017
2155,3,9,102,2017
2156,3,47,5,2017
2157,3,47,17,2017
2158,3,47,25,2017
2159,3,47,59,2017
2160,3,47,79,2017
2161,3,47,102,2017
2162,3,1081,5,2017
2163,3,1081,17,2017
2164,3,1081,25,2017
2165,3,1081,59,2017
2166,3,1081,79,2017
2167,3,1081,102,2017
2168,3,708,5,2017
2169,3,708,17,2017
2170,3,708,25,2017
2171,3,708,59,2017
2172,3,708,79,2017
2173,3,708,102,2017
2174,3,1089,5,2017
2175,3,1089,17,2017
2176,3,1089,25,2017
2177,3,1089,59,2017
2178,3,1089,79,2017
2179,3,1089,102,2017
2180,3,74,5,2017
2181,3,74,17,2017
2182,3,74,25,2017
2183,3,74,59,2017
2184,3,74,79,2017
2185,3,74,102,2017
2186,3,416,5,2017
2187,3,416,17,2017
2188,3,416,25,2017
2189,3,416,59,2017
2190,3,416,79,2017
2191,3,416,102,2017
2192,3,320,5,2017
2193,3,320,17,2017
2194,3,320,25,2017
2195,3,320,59,2017
2196,3,320,79,2017
2197,3,320,102,2017
2198,3,807,5,2017
2199,3,807,17,2017
2200,3,807,25,2017
2201,3,807,59,2017
2202,3,807,79,2017
2203,3,807,102,2017
2204,3,103,5,2017
2205,3,103,17,2017
2206,3,103,25,2017
2207,3,103,59,2017
2208,3,103,79,2017
2209,3,103,102,2017
2210,3,898,5,2017
2211,3,898,17,2017
2212,3,898,25,2017
2213,3,898,59,2017
2214,3,898,79,2017
2215,3,898,102,2017
2216,3,604,5,2017
2217,3,604,17,2017
2218,3,604,25,2017
2219,3,604,59,2017
2220,3,604,79,2017
2221,3,604,102,2017
2222,3,1075,2,2017
2223,3,1075,3,2017
2224,3,1075,16,2017
2225,3,1075,20,2017
2226,3,1075,30,2017
2227,3,1075,37,2017
2228,3,1075,38,2017
2229,3,1075,39,2017
2230,3,1075,41,2017
2231,3,1075,49,2017
2232,3,1075,50,2017
2233,3,1075,52,2017
2234,3,1075,60,2017
2235,3,1075,61,2017
2236,3,1075,71,2017
2237,3,1075,72,2017
2238,3,1075,74,2017
2239,3,1075,76,2017
2240,3,1075,78,2017
2241,3,1075,82,2017
2242,3,1075,84,2017
2243,3,1075,85,2017
2244,3,1075,88,2017
2245,3,1075,91,2017
2246,3,1075,93,2017
2247,3,1075,99,2017
2248,3,1075,100,2017
2249,3,1075,104,2017
2250,3,1075,105,2017
2251,3,1075,114,2017
2252,3,258,7,2013
2253,3,258,23,2016
2254,3,258,43,2016
2255,3,258,64,2017
2256,3,258,83,2010
2257,3,258,86,2017
2258,3,642,7,2013
2259,3,642,23,2016
2260,3,642,43,2016
2261,3,642,64,2017
2262,3,642,83,2010
2263,3,642,86,2017
2264,3,1119,7,2013
2265,3,1119,23,2016
2266,3,1119,43,2016
2267,3,1119,64,2017
2268,3,1119,83,2010
2269,3,1119,86,2017
2270,3,313,7,2013
2271,3,313,23,2016
2272,3,313,43,2016
2273,3,313,64,2017
2274,3,313,83,2010
2275,3,313,86,2017
2276,3,580,7,2013
2277,3,580,23,2016
2278,3,580,43,2016
2279,3,580,64,2017
2280,3,580,83,2010
2281,3,580,86,2017
2282,3,809,7,2013
2283,3,809,23,2016
2284,3,809,43,2016
2285,3,809,64,2017
2286,3,809,83,2010
2287,3,809,86,2017
2288,3,969,7,2013
2289,3,969,23,2016
2290,3,969,43,2016
2291,3,969,64,2017
2292,3,969,83,2010
2293,3,969,86,2017
2294,3,813,7,2013
2295,3,813,23,2016
2296,3,813,43,2016
2297,3,813,64,2017
2298,3,813,83,2010
2299,3,813,86,2017
2300,3,944,7,2013
2301,3,944,23,2016
2302,3,944,43,2016
2303,3,944,64,2017
2304,3,944,83,2010
2305,3,944,86,2017
2306,3,664,7,2013
2307,3,664,23,2016
2308,3,664,43,2016
2309,3,664,64,2017
2310,3,664,83,2010
2311,3,664,86,2017
2312,3,1099,7,2013
2313,3,1099,23,2016
2314,3,1099,43,2016
2315,3,1099,64,2017
2316,3,1099,83,2010
2317,3,1099,86,2017
2318,3,386,7,2013
2319,3,386,23,2016
2320,3,386,43,2016
2321,3,386,64,2017
2322,3,386,83,2010
2323,3,386,86,2017
2324,3,458,7,2013
2325,3,458,23,2016
2326,3,458,43,2016
2327,3,458,64,2017
2328,3,458,83,2010
2329,3,458,86,2017
2330,3,52,7,2013
2331,3,52,23,2016
2332,3,52,43,2016
2333,3,52,64,2017
2334,3,52,83,2010
2335,3,52,86,2017
2336,3,1062,7,2013
2337,3,1062,23,2016
2338,3,1062,43,2016
2339,3,1062,64,2017
2340,3,1062,83,2010
2341,3,1062,86,2017
2342,3,725,7,2013
2343,3,725,23,2016
2344,3,725,43,2016
2345,3,725,64,2017
2346,3,725,83,2010
2347,3,725,86,2017
2348,3,845,7,2013
2349,3,845,23,2016
2350,3,845,43,2016
2351,3,845,64,2017
2352,3,845,83,2010
2353,3,845,86,2017
2354,3,518,7,2013
2355,3,518,23,2016
2356,3,518,43,2016
2357,3,518,64,2017
2358,3,518,83,2010
2359,3,518,86,2017
2360,3,470,7,2013
2361,3,470,23,2016
2362,3,470,43,2016
2363,3,470,64,2017
2364,3,470,83,2010
2365,3,470,86,2017
2366,3,1000,7,2013
2367,3,1000,23,2016
2368,3,1000,43,2016
2369,3,1000,64,2017
2370,3,1000,83,2010
2371,3,1000,86,2017
2372,3,920,7,2012
2373,3,920,23,2015
2374,3,920,43,2016
2375,3,920,64,2012
2376,3,920,83,2000
2377,3,920,86,2017
2378,3,234,7,2017
2379,3,234,23,2017
2380,3,234,43,2017
2381,3,234,64,2017
2382,3,234,83,2017
2383,3,234,86,2017
2384,3,573,7,2017
2385,3,573,23,2017
2386,3,573,43,2017
2387,3,573,64,2017
2388,3,573,83,2017
2389,3,573,86,2017
2390,3,946,7,2017
2391,3,946,23,2017
2392,3,946,43,2017
2393,3,946,64,2017
2394,3,946,83,2017
2395,3,946,86,2017
2396,3,210,7,2017
2397,3,210,23,2017
2398,3,210,43,2017
2399,3,210,64,2017
2400,3,210,83,2017
2401,3,210,86,2017
2402,3,437,7,2017
2403,3,437,23,2017
2404,3,437,43,2017
2405,3,437,64,2017
2406,3,437,83,2017
2407,3,437,86,2017
2408,3,488,7,2017
2409,3,488,23,2017
2410,3,488,43,2017
2411,3,488,64,2017
2412,3,488,83,2017
2413,3,488,86,2017
2414,3,101,7,2012
2415,3,101,23,2015
2416,3,101,43,2016
2417,3,101,64,2012
2418,3,101,83,2000
2419,3,101,86,2017
2420,3,602,7,2012
2421,3,602,23,2015
2422,3,602,43,2016
2423,3,602,64,2012
2424,3,602,83,2000
2425,3,602,86,2017
2426,3,791,7,2012
2427,3,791,23,2015
2428,3,791,43,2016
2429,3,791,64,2012
2430,3,791,83,2000
2431,3,791,86,2017
2432,3,936,7,2012
2433,3,936,23,2015
2434,3,936,43,2016
2435,3,936,64,2012
2436,3,936,83,2000
2437,3,936,86,2017
2438,3,914,7,2012
2439,3,914,23,2015
2440,3,914,43,2016
2441,3,914,64,2012
2442,3,914,83,2000
2443,3,914,86,2017
2444,3,872,7,2012
2445,3,872,23,2015
2446,3,872,43,2016
2447,3,872,64,2012
2448,3,872,83,2000
2449,3,872,86,2017
2450,3,161,7,2012
2451,3,161,23,2015
2452,3,161,43,2016
2453,3,161,64,2012
2454,3,161,83,2000
2455,3,161,86,2017
2456,3,574,7,2012
2457,3,574,23,2015
2458,3,574,43,2016
2459,3,574,64,2012
2460,3,574,83,2000
2461,3,574,86,2017
2462,3,137,7,2012
2463,3,137,23,2015
2464,3,137,43,2016
2465,3,137,64,2012
2466,3,137,83,2000
2467,3,137,86,2017
2468,3,932,7,2012
2469,3,932,23,2015
2470,3,932,43,2016
2471,3,932,64,2012
2472,3,932,83,2000
2473,3,932,86,2017
2474,3,811,7,2017
2475,3,811,23,2017
2476,3,811,43,2017
2477,3,811,64,2017
2478,3,811,83,2017
2479,3,811,86,2017
2480,3,976,7,2017
2481,3,976,23,2017
2482,3,976,43,2017
2483,3,976,64,2017
2484,3,976,83,2017
2485,3,976,86,2017
2486,3,1105,7,2017
2487,3,1105,23,2017
2488,3,1105,43,2017
2489,3,1105,64,2017
2490,3,1105,83,2017
2491,3,1105,86,2017
2492,3,915,7,2017
2493,3,915,23,2017
2494,3,915,43,2017
2495,3,915,64,2017
2496,3,915,83,2017
2497,3,915,86,2017
2498,3,771,7,2012
2499,3,771,23,2015
2500,3,771,43,2016
2501,3,771,64,2012
2502,3,771,83,2000
2503,3,771,86,2017
2504,3,800,7,2017
2505,3,800,23,2017
2506,3,800,43,2017
2507,3,800,64,2017
2508,3,800,83,2017
2509,3,800,86,2017
2510,3,1127,7,2017
2511,3,1127,23,2017
2512,3,1127,43,2017
2513,3,1127,64,2017
2514,3,1127,83,2017
2515,3,1127,86,2017
2516,3,765,7,2017
2517,3,765,23,2017
2518,3,765,43,2017
2519,3,765,64,2017
2520,3,765,83,2017
2521,3,765,86,2017
2522,3,1093,7,2017
2523,3,1093,23,2017
2524,3,1093,43,2017
2525,3,1093,64,2017
2526,3,1093,83,2017
2527,3,1093,86,2017
2528,3,704,7,2017
2529,3,704,23,2017
2530,3,704,43,2017
2531,3,704,64,2017
2532,3,704,83,2017
2533,3,704,86,2017
2534,3,339,7,2017
2535,3,339,23,2017
2536,3,339,43,2017
2537,3,339,64,2017
2538,3,339,83,2017
2539,3,339,86,2017
2540,3,678,7,2017
2541,3,678,23,2017
2542,3,678,43,2017
2543,3,678,64,2017
2544,3,678,83,2017
2545,3,678,86,2017
2546,3,97,7,2012
2547,3,97,23,2015
2548,3,97,43,2016
2549,3,97,64,2012
2550,3,97,83,2000
2551,3,97,86,2017
2552,3,471,7,2012
2553,3,471,23,2015
2554,3,471,43,2016
2555,3,471,64,2012
2556,3,471,83,2000
2557,3,471,86,2017
2558,3,849,7,2012
2559,3,849,23,2015
2560,3,849,43,2016
2561,3,849,64,2012
2562,3,849,83,2000
2563,3,849,86,2017
2564,3,259,7,2012
2565,3,259,23,2015
2566,3,259,43,2016
2567,3,259,64,2012
2568,3,259,83,2000
2569,3,259,86,2017
2570,3,551,7,2017
2571,3,551,23,2017
2572,3,551,43,2017
2573,3,551,64,2017
2574,3,551,83,2017
2575,3,551,86,2017
2576,3,1,7,2017
2577,3,1,23,2017
2578,3,1,43,2017
2579,3,1,64,2017
2580,3,1,83,2017
2581,3,1,86,2017
2582,3,874,7,2017
2583,3,874,23,2017
2584,3,874,43,2017
2585,3,874,64,2017
2586,3,874,83,2017
2587,3,874,86,2017
2588,3,958,7,2017
2589,3,958,23,2017
2590,3,958,43,2017
2591,3,958,64,2017
2592,3,958,83,2017
2593,3,958,86,2017
2594,3,505,7,2017
2595,3,505,23,2017
2596,3,505,43,2017
2597,3,505,64,2017
2598,3,505,83,2017
2599,3,505,86,2017
2600,3,527,7,2017
2601,3,527,23,2017
2602,3,527,43,2017
2603,3,527,64,2017
2604,3,527,83,2017
2605,3,527,86,2017
2606,3,131,7,2017
2607,3,131,23,2017
2608,3,131,43,2017
2609,3,131,64,2017
2610,3,131,83,2017
2611,3,131,86,2017
2612,3,970,7,2017
2613,3,970,23,2017
2614,3,970,43,2017
2615,3,970,64,2017
2616,3,970,83,2017
2617,3,970,86,2017
2618,3,446,7,2017
2619,3,446,23,2017
2620,3,446,43,2017
2621,3,446,64,2017
2622,3,446,83,2017
2623,3,446,86,2017
2624,3,73,7,2017
2625,3,73,23,2017
2626,3,73,43,2017
2627,3,73,64,2017
2628,3,73,83,2017
2629,3,73,86,2017
2630,3,564,7,2017
2631,3,564,23,2017
2632,3,564,43,2017
2633,3,564,64,2017
2634,3,564,83,2017
2635,3,564,86,2017
2636,3,199,7,2017
2637,3,199,23,2017
2638,3,199,43,2017
2639,3,199,64,2017
2640,3,199,83,2017
2641,3,199,86,2017
2642,3,506,7,2017
2643,3,506,23,2017
2644,3,506,43,2017
2645,3,506,64,2017
2646,3,506,83,2017
2647,3,506,86,2017
2648,3,598,7,2017
2649,3,598,23,2017
2650,3,598,43,2017
2651,3,598,64,2017
2652,3,598,83,2017
2653,3,598,86,2017
2654,3,787,7,2017
2655,3,787,23,2017
2656,3,787,43,2017
2657,3,787,64,2017
2658,3,787,83,2017
2659,3,787,86,2017
2660,3,1002,7,2017
2661,3,1002,23,2017
2662,3,1002,43,2017
2663,3,1002,64,2017
2664,3,1002,83,2017
2665,3,1002,86,2017
2666,3,227,7,2017
2667,3,227,23,2017
2668,3,227,43,2017
2669,3,227,64,2017
2670,3,227,83,2017
2671,3,227,86,2017
2672,3,1044,7,2017
2673,3,1044,23,2017
2674,3,1044,43,2017
2675,3,1044,64,2017
2676,3,1044,83,2017
2677,3,1044,86,2017
2678,3,404,7,2017
2679,3,404,23,2017
2680,3,404,43,2017
2681,3,404,64,2017
2682,3,404,83,2017
2683,3,404,86,2017
2684,3,246,7,2017
2685,3,246,23,2017
2686,3,246,43,2017
2687,3,246,64,2017
2688,3,246,83,2017
2689,3,246,86,2017
2690,3,693,7,2017
2691,3,693,23,2017
2692,3,693,43,2017
2693,3,693,64,2017
2694,3,693,83,2017
2695,3,693,86,2017
2696,3,532,7,2017
2697,3,532,23,2017
2698,3,532,43,2017
2699,3,532,64,2017
2700,3,532,83,2017
2701,3,532,86,2017
2702,3,179,7,2017
2703,3,179,23,2017
2704,3,179,43,2017
2705,3,179,64,2017
2706,3,179,83,2017
2707,3,179,86,2017
2708,3,100,7,2017
2709,3,100,23,2017
2710,3,100,43,2017
2711,3,100,64,2017
2712,3,100,83,2017
2713,3,100,86,2017
2714,3,156,7,2017
2715,3,156,23,2017
2716,3,156,43,2017
2717,3,156,64,2017
2718,3,156,83,2017
2719,3,156,86,2017
2720,3,616,7,2017
2721,3,616,23,2017
2722,3,616,43,2017
2723,3,616,64,2017
2724,3,616,83,2017
2725,3,616,86,2017
2726,3,908,7,2017
2727,3,908,23,2017
2728,3,908,43,2017
2729,3,908,64,2017
2730,3,908,83,2017
2731,3,908,86,2017
2732,3,1083,7,2017
2733,3,1083,23,2017
2734,3,1083,43,2017
2735,3,1083,64,2017
2736,3,1083,83,2017
2737,3,1083,86,2017
2738,3,46,7,2017
2739,3,46,23,2017
2740,3,46,43,2017
2741,3,46,64,2017
2742,3,46,83,2017
2743,3,46,86,2017
2744,3,571,7,2017
2745,3,571,23,2017
2746,3,571,43,2017
2747,3,571,64,2017
2748,3,571,83,2017
2749,3,571,86,2017
2750,3,1005,7,2017
2751,3,1005,23,2017
2752,3,1005,43,2017
2753,3,1005,64,2017
2754,3,1005,83,2017
2755,3,1005,86,2017
2756,3,51,7,2017
2757,3,51,23,2017
2758,3,51,43,2017
2759,3,51,64,2017
2760,3,51,83,2017
2761,3,51,86,2017
2762,3,790,7,2017
2763,3,790,23,2017
2764,3,790,43,2017
2765,3,790,64,2017
2766,3,790,83,2017
2767,3,790,86,2017
2768,3,909,7,2017
2769,3,909,23,2017
2770,3,909,43,2017
2771,3,909,64,2017
2772,3,909,83,2017
2773,3,909,86,2017
2774,3,909,87,2017
2775,3,469,7,2017
2776,3,469,23,2017
2777,3,469,43,2017
2778,3,469,64,2017
2779,3,469,83,2017
2780,3,469,86,2017
2781,3,469,87,2015
2782,3,873,7,2017
2783,3,873,23,2017
2784,3,873,43,2017
2785,3,873,64,2017
2786,3,873,83,2017
2787,3,873,86,2017
2788,3,806,7,2017
2789,3,806,23,2017
2790,3,806,43,2017
2791,3,806,64,2017
2792,3,806,83,2017
2793,3,806,86,2017
2794,3,888,7,2017
2795,3,888,23,2017
2796,3,888,43,2017
2797,3,888,64,2017
2798,3,888,83,2017
2799,3,888,86,2017
2800,3,888,87,2017
2801,3,417,7,2017
2802,3,417,23,2017
2803,3,417,43,2017
2804,3,417,64,2017
2805,3,417,83,2017
2806,3,417,86,2017
2807,3,417,87,2015
2808,3,620,7,2017
2809,3,620,23,2017
2810,3,620,43,2017
2811,3,620,64,2017
2812,3,620,83,2017
2813,3,620,86,2017
2814,3,826,7,2017
2815,3,826,23,2017
2816,3,826,43,2017
2817,3,826,64,2017
2818,3,826,83,2017
2819,3,826,86,2017
2820,3,341,7,2017
2821,3,341,23,2017
2822,3,341,43,2017
2823,3,341,64,2017
2824,3,341,83,2017
2825,3,341,86,2017
2826,3,558,7,2017
2827,3,558,23,2017
2828,3,558,43,2017
2829,3,558,64,2017
2830,3,558,83,2017
2831,3,558,86,2017
2832,3,278,7,2017
2833,3,278,23,2017
2834,3,278,43,2017
2835,3,278,64,2017
2836,3,278,83,2017
2837,3,278,86,2017
2838,3,890,7,2017
2839,3,890,23,2017
2840,3,890,43,2017
2841,3,890,64,2017
2842,3,890,83,2017
2843,3,890,86,2017
2844,3,610,7,2017
2845,3,610,23,2017
2846,3,610,43,2017
2847,3,610,64,2017
2848,3,610,83,2017
2849,3,610,86,2017
2850,3,23,7,2017
2851,3,23,23,2017
2852,3,23,43,2017
2853,3,23,64,2017
2854,3,23,83,2017
2855,3,23,86,2017
2856,3,394,7,2017
2857,3,394,23,2017
2858,3,394,43,2017
2859,3,394,64,2017
2860,3,394,83,2017
2861,3,394,86,2017
2862,3,582,7,2017
2863,3,582,23,2017
2864,3,582,43,2017
2865,3,582,64,2017
2866,3,582,83,2017
2867,3,582,86,2017
2868,3,582,87,2017
2869,3,998,7,2017
2870,3,998,23,2017
2871,3,998,43,2017
2872,3,998,64,2017
2873,3,998,83,2017
2874,3,998,86,2017
2875,3,998,87,2015
2876,3,271,7,2017
2877,3,271,23,2017
2878,3,271,43,2017
2879,3,271,64,2017
2880,3,271,83,2017
2881,3,271,86,2017
2882,3,271,87,2017
2883,3,1130,7,2017
2884,3,1130,23,2017
2885,3,1130,43,2017
2886,3,1130,64,2017
2887,3,1130,83,2017
2888,3,1130,86,2017
2889,3,1130,87,2015
2890,3,281,7,2017
2891,3,281,23,2017
2892,3,281,43,2017
2893,3,281,64,2017
2894,3,281,83,2017
2895,3,281,86,2017
2896,3,281,87,2017
2897,3,380,7,2017
2898,3,380,23,2017
2899,3,380,43,2017
2900,3,380,64,2017
2901,3,380,83,2017
2902,3,380,86,2017
2903,3,380,87,2015
2904,3,938,7,2017
2905,3,938,23,2017
2906,3,938,43,2017
2907,3,938,64,2017
2908,3,938,83,2017
2909,3,938,86,2017
2910,3,606,7,2017
2911,3,606,23,2017
2912,3,606,43,2017
2913,3,606,64,2017
2914,3,606,83,2017
2915,3,606,86,2017
2916,3,535,7,2017
2917,3,535,23,2017
2918,3,535,43,2017
2919,3,535,64,2017
2920,3,535,83,2017
2921,3,535,86,2017
2922,3,110,7,2017
2923,3,110,23,2017
2924,3,110,43,2017
2925,3,110,64,2017
2926,3,110,83,2017
2927,3,110,86,2017
2928,3,110,87,2017
2929,3,916,7,2017
2930,3,916,23,2017
2931,3,916,43,2017
2932,3,916,64,2017
2933,3,916,83,2017
2934,3,916,86,2017
2935,3,916,87,2015
2936,3,772,7,2017
2937,3,772,23,2017
2938,3,772,43,2017
2939,3,772,64,2017
2940,3,772,83,2017
2941,3,772,86,2017
2942,3,331,7,2017
2943,3,331,23,2017
2944,3,331,43,2017
2945,3,331,64,2017
2946,3,331,83,2017
2947,3,331,86,2017
2948,3,1086,7,2017
2949,3,1086,23,2017
2950,3,1086,43,2017
2951,3,1086,64,2017
2952,3,1086,83,2017
2953,3,1086,86,2017
2954,3,323,7,2017
2955,3,323,23,2017
2956,3,323,43,2017
2957,3,323,64,2017
2958,3,323,83,2017
2959,3,323,86,2017
2960,3,539,7,2017
2961,3,539,23,2017
2962,3,539,43,2017
2963,3,539,64,2017
2964,3,539,83,2017
2965,3,539,86,2017
2966,3,613,7,2017
2967,3,613,23,2017
2968,3,613,43,2017
2969,3,613,64,2017
2970,3,613,83,2017
2971,3,613,86,2017
2972,3,613,87,2017
2973,3,36,7,2017
2974,3,36,23,2017
2975,3,36,43,2017
2976,3,36,64,2017
2977,3,36,83,2017
2978,3,36,86,2017
2979,3,36,87,2015
2980,3,427,7,2017
2981,3,427,23,2017
2982,3,427,43,2017
2983,3,427,64,2017
2984,3,427,83,2017
2985,3,427,86,2017
2986,3,116,7,2017
2987,3,116,23,2017
2988,3,116,43,2017
2989,3,116,64,2017
2990,3,116,83,2017
2991,3,116,86,2017
2992,3,333,7,2017
2993,3,333,23,2017
2994,3,333,43,2017
2995,3,333,64,2017
2996,3,333,83,2017
2997,3,333,86,2017
2998,3,1042,7,2012
2999,3,1042,23,2015
3000,3,1042,43,2016
3001,3,1042,64,2012
3002,3,1042,83,2000
3003,3,1042,86,2017
3004,3,903,7,2017
3005,3,903,23,2017
3006,3,903,43,2017
3007,3,903,64,2017
3008,3,903,83,2017
3009,3,903,86,2017
3010,3,903,87,2017
3011,3,1115,7,2017
3012,3,1115,23,2017
3013,3,1115,43,2017
3014,3,1115,64,2017
3015,3,1115,83,2017
3016,3,1115,86,2017
3017,3,1115,87,2015
3018,3,653,7,2017
3019,3,653,23,2017
3020,3,653,43,2017
3021,3,653,64,2017
3022,3,653,83,2017
3023,3,653,86,2017
3024,3,883,7,2017
3025,3,883,23,2017
3026,3,883,43,2017
3027,3,883,64,2017
3028,3,883,83,2017
3029,3,883,86,2017
3030,3,883,87,2017
3031,3,896,7,2017
3032,3,896,23,2017
3033,3,896,43,2017
3034,3,896,64,2017
3035,3,896,83,2017
3036,3,896,86,2017
3037,3,896,87,2015
3038,3,884,7,2017
3039,3,884,23,2017
3040,3,884,43,2017
3041,3,884,64,2017
3042,3,884,83,2017
3043,3,884,86,2017
3044,3,884,87,2017
3045,3,58,7,2017
3046,3,58,23,2017
3047,3,58,43,2017
3048,3,58,64,2017
3049,3,58,83,2017
3050,3,58,86,2017
3051,3,58,87,2015
3052,3,727,7,2017
3053,3,727,23,2017
3054,3,727,43,2017
3055,3,727,64,2017
3056,3,727,83,2017
3057,3,727,86,2017
3058,3,282,7,2017
3059,3,282,23,2017
3060,3,282,43,2017
3061,3,282,64,2017
3062,3,282,83,2017
3063,3,282,86,2017
3064,3,831,7,2017
3065,3,831,23,2017
3066,3,831,43,2017
3067,3,831,64,2017
3068,3,831,83,2017
3069,3,831,86,2017
3070,3,59,7,2017
3071,3,59,23,2017
3072,3,59,43,2017
3073,3,59,64,2017
3074,3,59,83,2017
3075,3,59,86,2017
3076,3,500,7,2017
3077,3,500,23,2017
3078,3,500,43,2017
3079,3,500,64,2017
3080,3,500,83,2017
3081,3,500,86,2017
3082,3,852,7,2017
3083,3,852,23,2017
3084,3,852,43,2017
3085,3,852,64,2017
3086,3,852,83,2017
3087,3,852,86,2017
3088,3,377,7,2017
3089,3,377,23,2017
3090,3,377,43,2017
3091,3,377,64,2017
3092,3,377,83,2017
3093,3,377,86,2017
3094,3,586,7,2017
3095,3,586,23,2017
3096,3,586,43,2017
3097,3,586,64,2017
3098,3,586,83,2017
3099,3,586,86,2017
3100,3,78,7,2017
3101,3,78,23,2017
3102,3,78,43,2017
3103,3,78,64,2017
3104,3,78,83,2017
3105,3,78,86,2017
3106,3,529,7,2017
3107,3,529,23,2017
3108,3,529,43,2017
3109,3,529,64,2017
3110,3,529,83,2017
3111,3,529,86,2017
3112,3,12,7,2017
3113,3,12,23,2017
3114,3,12,43,2017
3115,3,12,64,2017
3116,3,12,83,2017
3117,3,12,86,2017
3118,3,157,7,2017
3119,3,157,23,2017
3120,3,157,43,2017
3121,3,157,64,2017
3122,3,157,83,2017
3123,3,157,86,2017
3124,3,1070,7,2017
3125,3,1070,23,2017
3126,3,1070,43,2017
3127,3,1070,64,2017
3128,3,1070,83,2017
3129,3,1070,86,2017
3130,3,522,7,2017
3131,3,522,23,2017
3132,3,522,43,2017
3133,3,522,64,2017
3134,3,522,83,2017
3135,3,522,86,2017
3136,3,841,7,2017
3137,3,841,23,2017
3138,3,841,43,2017
3139,3,841,64,2017
3140,3,841,83,2017
3141,3,841,86,2017
3142,3,459,7,2017
3143,3,459,23,2017
3144,3,459,43,2017
3145,3,459,64,2017
3146,3,459,83,2017
3147,3,459,86,2017
3148,3,1069,7,2017
3149,3,1069,23,2017
3150,3,1069,43,2017
3151,3,1069,64,2017
3152,3,1069,83,2017
3153,3,1069,86,2017
3154,3,151,7,2017
3155,3,151,23,2017
3156,3,151,43,2017
3157,3,151,64,2017
3158,3,151,83,2017
3159,3,151,86,2017
3160,3,136,7,2017
3161,3,136,23,2017
3162,3,136,43,2017
3163,3,136,64,2017
3164,3,136,83,2017
3165,3,136,86,2017
3166,3,815,7,2017
3167,3,815,23,2017
3168,3,815,43,2017
3169,3,815,64,2017
3170,3,815,83,2017
3171,3,815,86,2017
3172,3,635,7,2017
3173,3,635,23,2017
3174,3,635,43,2017
3175,3,635,64,2017
3176,3,635,83,2017
3177,3,635,86,2017
3178,3,728,7,2017
3179,3,728,23,2017
3180,3,728,43,2017
3181,3,728,64,2017
3182,3,728,83,2017
3183,3,728,86,2017
3184,3,288,7,2017
3185,3,288,23,2017
3186,3,288,43,2017
3187,3,288,64,2017
3188,3,288,83,2017
3189,3,288,86,2017
3190,3,724,7,2017
3191,3,724,23,2017
3192,3,724,43,2017
3193,3,724,64,2017
3194,3,724,83,2017
3195,3,724,86,2017
3196,3,405,7,2017
3197,3,405,23,2017
3198,3,405,43,2017
3199,3,405,64,2017
3200,3,405,83,2017
3201,3,405,86,2017
3202,3,1082,7,2017
3203,3,1082,23,2017
3204,3,1082,43,2017
3205,3,1082,64,2017
3206,3,1082,83,2017
3207,3,1082,86,2017
3208,3,600,7,2017
3209,3,600,23,2017
3210,3,600,43,2017
3211,3,600,64,2017
3212,3,600,83,2017
3213,3,600,86,2017
3214,3,1013,7,2017
3215,3,1013,23,2017
3216,3,1013,43,2017
3217,3,1013,64,2017
3218,3,1013,83,2017
3219,3,1013,86,2017
3220,3,1026,7,2017
3221,3,1026,23,2017
3222,3,1026,43,2017
3223,3,1026,64,2017
3224,3,1026,83,2017
3225,3,1026,86,2017
3226,3,736,7,2017
3227,3,736,23,2017
3228,3,736,43,2017
3229,3,736,64,2017
3230,3,736,83,2017
3231,3,736,86,2017
3232,3,569,7,2017
3233,3,569,23,2017
3234,3,569,43,2017
3235,3,569,64,2017
3236,3,569,83,2017
3237,3,569,86,2017
3238,3,1077,7,2012
3239,3,1077,23,2015
3240,3,1077,43,2016
3241,3,1077,64,2012
3242,3,1077,83,2000
3243,3,1077,86,2017
3244,3,419,7,2017
3245,3,419,23,2017
3246,3,419,43,2017
3247,3,419,64,2017
3248,3,419,83,2017
3249,3,419,86,2017
3250,3,3,7,2017
3251,3,3,23,2017
3252,3,3,43,2017
3253,3,3,64,2017
3254,3,3,83,2017
3255,3,3,86,2017
3256,3,365,7,2017
3257,3,365,23,2017
3258,3,365,43,2017
3259,3,365,64,2017
3260,3,365,83,2017
3261,3,365,86,2017
3262,3,501,7,2017
3263,3,501,23,2017
3264,3,501,43,2017
3265,3,501,64,2017
3266,3,501,83,2017
3267,3,501,86,2017
3268,3,882,7,2017
3269,3,882,23,2017
3270,3,882,43,2017
3271,3,882,64,2017
3272,3,882,83,2017
3273,3,882,86,2017
3274,3,880,7,2017
3275,3,880,23,2017
3276,3,880,43,2017
3277,3,880,64,2017
3278,3,880,83,2017
3279,3,880,86,2017
3280,3,436,7,2012
3281,3,436,23,2015
3282,3,436,43,2016
3283,3,436,64,2012
3284,3,436,83,2000
3285,3,436,86,2017
3286,3,1072,7,2017
3287,3,1072,23,2017
3288,3,1072,43,2017
3289,3,1072,64,2017
3290,3,1072,83,2017
3291,3,1072,86,2017
3292,3,1102,7,2017
3293,3,1102,23,2017
3294,3,1102,43,2017
3295,3,1102,64,2017
3296,3,1102,83,2017
3297,3,1102,86,2017
3298,3,795,7,2017
3299,3,795,23,2017
3300,3,795,43,2017
3301,3,795,64,2017
3302,3,795,83,2017
3303,3,795,86,2017
3304,3,415,7,2017
3305,3,415,23,2017
3306,3,415,43,2017
3307,3,415,64,2017
3308,3,415,83,2017
3309,3,415,86,2017
3310,3,393,7,2017
3311,3,393,23,2017
3312,3,393,43,2017
3313,3,393,64,2017
3314,3,393,83,2017
3315,3,393,86,2017
3316,3,120,7,2017
3317,3,120,23,2017
3318,3,120,43,2017
3319,3,120,64,2017
3320,3,120,83,2017
3321,3,120,86,2017
3322,3,743,7,2017
3323,3,743,23,2017
3324,3,743,43,2017
3325,3,743,64,2017
3326,3,743,83,2017
3327,3,743,86,2017
3328,3,836,7,2017
3329,3,836,23,2017
3330,3,836,43,2017
3331,3,836,64,2017
3332,3,836,83,2017
3333,3,836,86,2017
3334,3,482,7,2017
3335,3,482,23,2017
3336,3,482,43,2017
3337,3,482,64,2017
3338,3,482,83,2017
3339,3,482,86,2017
3340,3,482,87,2017
3341,3,316,7,2017
3342,3,316,23,2017
3343,3,316,43,2017
3344,3,316,64,2017
3345,3,316,83,2015
3346,3,316,86,2017
3347,3,316,87,2014
3348,3,467,7,2012
3349,3,467,23,2016
3350,3,467,43,2016
3351,3,467,64,2016
3352,3,467,83,2003
3353,3,467,86,2017
3354,3,1045,7,2012
3355,3,1045,23,2016
3356,3,1045,43,2016
3357,3,1045,64,2016
3358,3,1045,83,2003
3359,3,1045,86,2017
3360,3,387,7,2012
3361,3,387,23,2016
3362,3,387,43,2016
3363,3,387,64,2016
3364,3,387,83,2003
3365,3,387,86,2017
3366,3,668,7,2012
3367,3,668,23,2016
3368,3,668,43,2016
3369,3,668,64,2016
3370,3,668,83,2003
3371,3,668,86,2017
3372,3,159,7,2012
3373,3,159,23,2016
3374,3,159,43,2016
3375,3,159,64,2016
3376,3,159,83,2003
3377,3,159,86,2017
3378,3,340,7,2012
3379,3,340,23,2016
3380,3,340,43,2016
3381,3,340,64,2016
3382,3,340,83,2003
3383,3,340,86,2017
3384,3,886,7,2012
3385,3,886,23,2016
3386,3,886,43,2016
3387,3,886,64,2016
3388,3,886,83,2003
3389,3,886,86,2017
3390,3,72,7,2012
3391,3,72,23,2016
3392,3,72,43,2016
3393,3,72,64,2016
3394,3,72,83,2003
3395,3,72,86,2017
3396,3,376,7,2012
3397,3,376,23,2016
3398,3,376,43,2016
3399,3,376,64,2016
3400,3,376,83,2003
3401,3,376,86,2017
3402,3,127,7,2012
3403,3,127,23,2016
3404,3,127,43,2016
3405,3,127,64,2016
3406,3,127,83,2003
3407,3,127,86,2017
3408,3,203,7,2012
3409,3,203,23,2016
3410,3,203,43,2016
3411,3,203,64,2016
3412,3,203,83,2003
3413,3,203,86,2017
3414,3,290,7,2012
3415,3,290,23,2016
3416,3,290,43,2016
3417,3,290,64,2016
3418,3,290,83,2003
3419,3,290,86,2017
3420,3,601,7,2012
3421,3,601,23,2016
3422,3,601,43,2016
3423,3,601,64,2016
3424,3,601,83,2003
3425,3,601,86,2017
3426,3,926,7,2012
3427,3,926,23,2016
3428,3,926,43,2016
3429,3,926,64,2016
3430,3,926,83,2003
3431,3,926,86,2017
3432,3,1025,7,2012
3433,3,1025,23,2016
3434,3,1025,43,2016
3435,3,1025,64,2016
3436,3,1025,83,2003
3437,3,1025,86,2017
3438,3,279,7,2012
3439,3,279,23,2016
3440,3,279,43,2016
3441,3,279,64,2016
3442,3,279,83,2003
3443,3,279,86,2017
3444,3,860,7,2012
3445,3,860,23,2016
3446,3,860,43,2016
3447,3,860,64,2016
3448,3,860,83,2003
3449,3,860,86,2017
3450,3,575,7,2012
3451,3,575,23,2016
3452,3,575,43,2016
3453,3,575,64,2016
3454,3,575,83,2003
3455,3,575,86,2017
3456,3,557,7,2012
3457,3,557,23,2016
3458,3,557,43,2016
3459,3,557,64,2016
3460,3,557,83,2003
3461,3,557,86,2017
3462,3,190,7,2012
3463,3,190,23,2016
3464,3,190,43,2016
3465,3,190,64,2016
3466,3,190,83,2003
3467,3,190,86,2017
3468,3,508,7,2012
3469,3,508,23,2016
3470,3,508,43,2016
3471,3,508,64,2016
3472,3,508,83,2003
3473,3,508,86,2017
3474,3,164,7,2012
3475,3,164,23,2016
3476,3,164,43,2016
3477,3,164,64,2016
3478,3,164,83,2003
3479,3,164,86,2017
3480,3,677,7,2012
3481,3,677,23,2016
3482,3,677,43,2016
3483,3,677,64,2016
3484,3,677,83,2003
3485,3,677,86,2017
3486,3,20,7,2012
3487,3,20,23,2016
3488,3,20,43,2016
3489,3,20,64,2016
3490,3,20,83,2003
3491,3,20,86,2017
3492,3,1033,7,2012
3493,3,1033,23,2016
3494,3,1033,43,2016
3495,3,1033,64,2016
3496,3,1033,83,2003
3497,3,1033,86,2017
3498,3,328,7,2012
3499,3,328,23,2016
3500,3,328,43,2016
3501,3,328,64,2016
3502,3,328,83,2003
3503,3,328,86,2017
3504,3,149,7,2012
3505,3,149,23,2016
3506,3,149,43,2016
3507,3,149,64,2016
3508,3,149,83,2003
3509,3,149,86,2017
3510,3,931,7,2012
3511,3,931,23,2016
3512,3,931,43,2016
3513,3,931,64,2016
3514,3,931,83,2003
3515,3,931,86,2017
3516,3,431,7,2012
3517,3,431,23,2016
3518,3,431,43,2016
3519,3,431,64,2016
3520,3,431,83,2003
3521,3,431,86,2017
3522,3,545,7,2012
3523,3,545,23,2016
3524,3,545,43,2016
3525,3,545,64,2016
3526,3,545,83,2003
3527,3,545,86,2017
3528,3,144,7,2012
3529,3,144,23,2016
3530,3,144,43,2016
3531,3,144,64,2016
3532,3,144,83,2003
3533,3,144,86,2017
3534,3,152,7,2012
3535,3,152,23,2016
3536,3,152,43,2016
3537,3,152,64,2016
3538,3,152,83,2003
3539,3,152,86,2017
3540,3,243,7,2012
3541,3,243,23,2016
3542,3,243,43,2016
3543,3,243,64,2016
3544,3,243,83,2003
3545,3,243,86,2017
3546,3,244,7,2012
3547,3,244,23,2016
3548,3,244,43,2016
3549,3,244,64,2016
3550,3,244,83,2003
3551,3,244,86,2017
3552,3,848,7,2012
3553,3,848,23,2016
3554,3,848,43,2016
3555,3,848,64,2016
3556,3,848,83,2003
3557,3,848,86,2017
3558,3,785,7,2012
3559,3,785,23,2016
3560,3,785,43,2016
3561,3,785,64,2016
3562,3,785,83,2003
3563,3,785,86,2017
3564,3,820,7,2012
3565,3,820,23,2016
3566,3,820,43,2016
3567,3,820,64,2016
3568,3,820,83,2003
3569,3,820,86,2017
3570,3,621,7,2012
3571,3,621,23,2016
3572,3,621,43,2016
3573,3,621,64,2016
3574,3,621,83,2003
3575,3,621,86,2017
3576,3,117,7,2017
3577,3,117,23,2017
3578,3,117,43,2017
3579,3,117,64,2017
3580,3,117,83,2017
3581,3,117,86,2017
3582,3,117,87,2017
3583,3,516,7,2017
3584,3,516,23,2017
3585,3,516,43,2017
3586,3,516,64,2017
3587,3,516,83,2015
3588,3,516,86,2017
3589,3,516,87,2014
3590,3,1116,7,2017
3591,3,1116,23,2017
3592,3,1116,43,2017
3593,3,1116,64,2017
3594,3,1116,83,2017
3595,3,1116,86,2017
3596,3,1116,87,2017
3597,3,418,7,2017
3598,3,418,23,2017
3599,3,418,43,2017
3600,3,418,64,2017
3601,3,418,83,2015
3602,3,418,86,2017
3603,3,418,87,2014
3604,3,821,7,2017
3605,3,821,23,2017
3606,3,821,43,2017
3607,3,821,64,2017
3608,3,821,83,2017
3609,3,821,86,2017
3610,3,821,87,2017
3611,3,526,7,2017
3612,3,526,23,2017
3613,3,526,43,2017
3614,3,526,64,2017
3615,3,526,83,2015
3616,3,526,86,2017
3617,3,526,87,2014
3618,3,57,7,2012
3619,3,57,23,2016
3620,3,57,43,2016
3621,3,57,64,2016
3622,3,57,83,2003
3623,3,57,86,2017
3624,3,786,7,2012
3625,3,786,23,2016
3626,3,786,43,2016
3627,3,786,64,2016
3628,3,786,83,2003
3629,3,786,86,2017
3630,3,432,7,2012
3631,3,432,23,2016
3632,3,432,43,2016
3633,3,432,64,2016
3634,3,432,83,2003
3635,3,432,86,2017
3636,3,510,7,2013
3637,3,510,23,2016
3638,3,510,43,2016
3639,3,510,64,2016
3640,3,510,83,2010
3641,3,510,86,2017
3642,3,764,7,2013
3643,3,764,23,2016
3644,3,764,43,2016
3645,3,764,64,2016
3646,3,764,83,2010
3647,3,764,86,2017
3648,3,322,7,2013
3649,3,322,23,2016
3650,3,322,43,2016
3651,3,322,64,2016
3652,3,322,83,2010
3653,3,322,86,2017
3654,3,634,7,2013
3655,3,634,23,2016
3656,3,634,43,2016
3657,3,634,64,2016
3658,3,634,83,2010
3659,3,634,86,2017
3660,3,28,7,2013
3661,3,28,23,2016
3662,3,28,43,2016
3663,3,28,64,2016
3664,3,28,83,2010
3665,3,28,86,2017
3666,3,950,7,2013
3667,3,950,23,2016
3668,3,950,43,2016
3669,3,950,64,2016
3670,3,950,83,2010
3671,3,950,86,2017
3672,3,942,7,2017
3673,3,942,23,2017
3674,3,942,43,2017
3675,3,942,64,2017
3676,3,942,83,2017
3677,3,942,86,2017
3678,3,942,87,2017
3679,3,358,7,2017
3680,3,358,23,2017
3681,3,358,43,2017
3682,3,358,64,2017
3683,3,358,83,2017
3684,3,358,86,2017
3685,3,358,87,2014
3686,3,835,7,2013
3687,3,835,23,2016
3688,3,835,43,2016
3689,3,835,64,2016
3690,3,835,83,2010
3691,3,835,86,2017
3692,3,525,7,2013
3693,3,525,23,2016
3694,3,525,43,2016
3695,3,525,64,2016
3696,3,525,83,2010
3697,3,525,86,2017
3698,3,703,7,2013
3699,3,703,23,2016
3700,3,703,43,2016
3701,3,703,64,2016
3702,3,703,83,2010
3703,3,703,86,2017
3704,3,1007,7,2013
3705,3,1007,23,2016
3706,3,1007,43,2016
3707,3,1007,64,2016
3708,3,1007,83,2010
3709,3,1007,86,2017
3710,3,502,7,2013
3711,3,502,23,2016
3712,3,502,43,2016
3713,3,502,64,2016
3714,3,502,83,2010
3715,3,502,86,2017
3716,3,408,7,2013
3717,3,408,23,2016
3718,3,408,43,2016
3719,3,408,64,2016
3720,3,408,83,2010
3721,3,408,86,2017
3722,3,868,7,2012
3723,3,868,23,2016
3724,3,868,43,2016
3725,3,868,64,2016
3726,3,868,83,2010
3727,3,868,86,2017
3728,3,799,7,2012
3729,3,799,23,2016
3730,3,799,43,2016
3731,3,799,64,2016
3732,3,799,83,2010
3733,3,799,86,2017
3734,3,561,7,2012
3735,3,561,23,2016
3736,3,561,43,2016
3737,3,561,64,2016
3738,3,561,83,2010
3739,3,561,86,2017
3740,3,275,7,2012
3741,3,275,23,2016
3742,3,275,43,2016
3743,3,275,64,2016
3744,3,275,83,2010
3745,3,275,86,2017
3746,3,182,7,2012
3747,3,182,23,2016
3748,3,182,43,2016
3749,3,182,64,2016
3750,3,182,83,2010
3751,3,182,86,2017
3752,3,264,7,2012
3753,3,264,23,2016
3754,3,264,43,2016
3755,3,264,64,2016
3756,3,264,83,2010
3757,3,264,86,2017
3758,3,599,7,2012
3759,3,599,23,2016
3760,3,599,43,2016
3761,3,599,64,2016
3762,3,599,83,2010
3763,3,599,86,2017
3764,3,270,7,2012
3765,3,270,23,2016
3766,3,270,43,2016
3767,3,270,64,2016
3768,3,270,83,2010
3769,3,270,86,2017
3770,3,434,7,2012
3771,3,434,23,2016
3772,3,434,43,2016
3773,3,434,64,2016
3774,3,434,83,2010
3775,3,434,86,2017
3776,3,870,7,2012
3777,3,870,23,2016
3778,3,870,43,2016
3779,3,870,64,2016
3780,3,870,83,2010
3781,3,870,86,2017
3782,3,174,7,2012
3783,3,174,23,2016
3784,3,174,43,2016
3785,3,174,64,2016
3786,3,174,83,2010
3787,3,174,86,2017
3788,3,1030,7,2012
3789,3,1030,23,2016
3790,3,1030,43,2016
3791,3,1030,64,2016
3792,3,1030,83,2010
3793,3,1030,86,2017
3794,3,40,7,2012
3795,3,40,23,2016
3796,3,40,43,2016
3797,3,40,64,2016
3798,3,40,83,2010
3799,3,40,86,2017
3800,3,122,7,2012
3801,3,122,23,2016
3802,3,122,43,2016
3803,3,122,64,2016
3804,3,122,83,2010
3805,3,122,86,2017
3806,3,709,7,2012
3807,3,709,23,2016
3808,3,709,43,2016
3809,3,709,64,2016
3810,3,709,83,2010
3811,3,709,86,2017
3812,3,818,7,2012
3813,3,818,23,2016
3814,3,818,43,2016
3815,3,818,64,2016
3816,3,818,83,2010
3817,3,818,86,2017
3818,3,808,7,2012
3819,3,808,23,2016
3820,3,808,43,2016
3821,3,808,64,2016
3822,3,808,83,2010
3823,3,808,86,2017
3824,3,895,7,2012
3825,3,895,23,2016
3826,3,895,43,2016
3827,3,895,64,2016
3828,3,895,83,2010
3829,3,895,86,2017
3830,3,420,7,2012
3831,3,420,23,2016
3832,3,420,43,2016
3833,3,420,64,2016
3834,3,420,83,2010
3835,3,420,86,2017
3836,3,830,7,2012
3837,3,830,23,2016
3838,3,830,43,2016
3839,3,830,64,2016
3840,3,830,83,2010
3841,3,830,86,2017
3842,3,1128,7,2012
3843,3,1128,23,2016
3844,3,1128,43,2016
3845,3,1128,64,2016
3846,3,1128,83,2010
3847,3,1128,86,2017
3848,3,298,7,2012
3849,3,298,23,2016
3850,3,298,43,2016
3851,3,298,64,2016
3852,3,298,83,2010
3853,3,298,86,2017
3854,3,594,7,2012
3855,3,594,23,2016
3856,3,594,43,2016
3857,3,594,64,2016
3858,3,594,83,2010
3859,3,594,86,2017
3860,3,125,7,2012
3861,3,125,23,2016
3862,3,125,43,2016
3863,3,125,64,2016
3864,3,125,83,2010
3865,3,125,86,2017
3866,3,252,7,2012
3867,3,252,23,2016
3868,3,252,43,2016
3869,3,252,64,2016
3870,3,252,83,2010
3871,3,252,86,2017
3872,3,360,7,2012
3873,3,360,23,2016
3874,3,360,43,2016
3875,3,360,64,2016
3876,3,360,83,2010
3877,3,360,86,2017
3878,3,196,7,2012
3879,3,196,23,2016
3880,3,196,43,2016
3881,3,196,64,2016
3882,3,196,83,2010
3883,3,196,86,2017
3884,3,162,7,2012
3885,3,162,23,2016
3886,3,162,43,2016
3887,3,162,64,2016
3888,3,162,83,2010
3889,3,162,86,2017
3890,3,673,7,2013
3891,3,673,23,2016
3892,3,673,43,2016
3893,3,673,64,2015
3894,3,673,83,2005
3895,3,673,86,2017
3896,3,1014,7,2013
3897,3,1014,23,2016
3898,3,1014,43,2016
3899,3,1014,64,2015
3900,3,1014,83,2005
3901,3,1014,86,2017
3902,3,256,7,2017
3903,3,256,23,2017
3904,3,256,43,2017
3905,3,256,64,2017
3906,3,256,83,2017
3907,3,256,86,2017
3908,3,256,87,2017
3909,3,919,7,2017
3910,3,919,23,2017
3911,3,919,43,2017
3912,3,919,64,2017
3913,3,919,83,2015
3914,3,919,86,2017
3915,3,919,87,2014
3916,3,911,7,2017
3917,3,911,23,2017
3918,3,911,43,2017
3919,3,911,64,2017
3920,3,911,83,2017
3921,3,911,86,2017
3922,3,911,87,2017
3923,3,462,7,2017
3924,3,462,23,2017
3925,3,462,43,2017
3926,3,462,64,2017
3927,3,462,83,2015
3928,3,462,86,2017
3929,3,462,87,2014
3930,3,1020,7,2017
3931,3,1020,23,2017
3932,3,1020,43,2017
3933,3,1020,64,2017
3934,3,1020,83,2017
3935,3,1020,86,2017
3936,3,1020,87,2017
3937,3,327,7,2017
3938,3,327,23,2017
3939,3,327,43,2017
3940,3,327,64,2017
3941,3,327,83,2015
3942,3,327,86,2017
3943,3,327,87,2014
3944,3,395,7,2015
3945,3,395,23,2016
3946,3,395,43,2016
3947,3,395,64,2016
3948,3,395,83,2010
3949,3,395,86,2017
3950,3,204,7,2015
3951,3,204,23,2016
3952,3,204,43,2016
3953,3,204,64,2016
3954,3,204,83,2010
3955,3,204,86,2017
3956,3,245,7,2015
3957,3,245,23,2016
3958,3,245,43,2016
3959,3,245,64,2016
3960,3,245,83,2010
3961,3,245,86,2017
3962,3,685,7,2015
3963,3,685,23,2016
3964,3,685,43,2016
3965,3,685,64,2016
3966,3,685,83,2010
3967,3,685,86,2017
3968,3,769,7,2015
3969,3,769,23,2016
3970,3,769,43,2016
3971,3,769,64,2016
3972,3,769,83,2010
3973,3,769,86,2017
3974,3,451,7,2015
3975,3,451,23,2016
3976,3,451,43,2016
3977,3,451,64,2016
3978,3,451,83,2010
3979,3,451,86,2017
3980,3,19,7,2015
3981,3,19,23,2016
3982,3,19,43,2016
3983,3,19,64,2016
3984,3,19,83,2010
3985,3,19,86,2017
3986,3,176,7,2016
3987,3,176,23,2016
3988,3,176,43,2016
3989,3,176,64,2016
3990,3,176,83,2010
3991,3,176,86,2017
3992,3,232,7,2016
3993,3,232,23,2016
3994,3,232,43,2016
3995,3,232,64,2016
3996,3,232,83,2010
3997,3,232,86,2017
3998,3,218,7,2016
3999,3,218,23,2016
4000,3,218,43,2016
4001,3,218,64,2016
4002,3,218,83,2010
4003,3,218,86,2017
4004,3,53,7,2016
4005,3,53,23,2016
4006,3,53,43,2016
4007,3,53,64,2016
4008,3,53,83,2010
4009,3,53,86,2017
4010,3,1010,7,2016
4011,3,1010,23,2016
4012,3,1010,43,2016
4013,3,1010,64,2016
4014,3,1010,83,2010
4015,3,1010,86,2017
4016,3,214,7,2017
4017,3,214,23,2017
4018,3,214,43,2017
4019,3,214,64,2017
4020,3,214,83,2017
4021,3,214,86,2017
4022,3,214,87,2017
4023,3,608,7,2017
4024,3,608,23,2017
4025,3,608,43,2017
4026,3,608,64,2017
4027,3,608,83,2017
4028,3,608,86,2017
4029,3,608,87,2014
4030,3,466,7,2017
4031,3,466,23,2017
4032,3,466,43,2017
4033,3,466,64,2017
4034,3,466,83,2017
4035,3,466,86,2017
4036,3,466,87,2017
4037,3,753,7,2017
4038,3,753,23,2017
4039,3,753,43,2017
4040,3,753,64,2017
4041,3,753,83,2017
4042,3,753,86,2017
4043,3,753,87,2014
4044,3,461,7,2016
4045,3,461,23,2017
4046,3,461,43,2016
4047,3,461,64,2016
4048,3,461,83,2010
4049,3,461,86,2017
4050,3,441,7,2017
4051,3,441,23,2017
4052,3,441,43,2017
4053,3,441,64,2017
4054,3,441,83,2017
4055,3,441,86,2017
4056,3,441,87,2017
4057,3,87,7,2017
4058,3,87,23,2017
4059,3,87,43,2017
4060,3,87,64,2017
4061,3,87,83,2017
4062,3,87,86,2017
4063,3,87,87,2014
4064,3,568,7,2017
4065,3,568,23,2017
4066,3,568,43,2017
4067,3,568,64,2017
4068,3,568,83,2017
4069,3,568,86,2017
4070,3,568,87,2017
4071,3,242,7,2017
4072,3,242,23,2017
4073,3,242,43,2017
4074,3,242,64,2017
4075,3,242,83,2017
4076,3,242,86,2017
4077,3,242,87,2014
4078,3,178,7,2016
4079,3,178,23,2017
4080,3,178,43,2016
4081,3,178,64,2016
4082,3,178,83,2010
4083,3,178,86,2017
4084,3,77,7,2017
4085,3,77,23,2017
4086,3,77,43,2017
4087,3,77,64,2017
4088,3,77,83,2017
4089,3,77,86,2017
4090,3,77,87,2017
4091,3,1003,7,2017
4092,3,1003,23,2017
4093,3,1003,43,2017
4094,3,1003,64,2017
4095,3,1003,83,2017
4096,3,1003,86,2017
4097,3,1003,87,2014
4098,3,963,7,2016
4099,3,963,23,2017
4100,3,963,43,2016
4101,3,963,64,2016
4102,3,963,83,2010
4103,3,963,86,2017
4104,3,948,7,2016
4105,3,948,23,2017
4106,3,948,43,2016
4107,3,948,64,2016
4108,3,948,83,2010
4109,3,948,86,2017
4110,3,850,7,2017
4111,3,850,23,2017
4112,3,850,43,2017
4113,3,850,64,2017
4114,3,850,83,2017
4115,3,850,86,2017
4116,3,850,87,2017
4117,3,92,7,2017
4118,3,92,23,2017
4119,3,92,43,2017
4120,3,92,64,2017
4121,3,92,83,2017
4122,3,92,86,2017
4123,3,92,87,2014
4124,3,254,7,2016
4125,3,254,23,2017
4126,3,254,43,2016
4127,3,254,64,2016
4128,3,254,83,2010
4129,3,254,86,2017
4130,3,645,7,2016
4131,3,645,23,2017
4132,3,645,43,2016
4133,3,645,64,2016
4134,3,645,83,2010
4135,3,645,86,2017
4136,3,225,7,2016
4137,3,225,23,2017
4138,3,225,43,2016
4139,3,225,64,2016
4140,3,225,83,2010
4141,3,225,86,2017
4142,3,666,7,2017
4143,3,666,23,2017
4144,3,666,43,2017
4145,3,666,64,2017
4146,3,666,83,2017
4147,3,666,86,2017
4148,3,666,87,2017
4149,3,250,7,2017
4150,3,250,23,2017
4151,3,250,43,2017
4152,3,250,64,2017
4153,3,250,83,2017
4154,3,250,86,2017
4155,3,250,87,2014
4156,3,305,7,2016
4157,3,305,23,2017
4158,3,305,43,2016
4159,3,305,64,2016
4160,3,305,83,2010
4161,3,305,86,2017
4162,3,986,7,2016
4163,3,986,23,2017
4164,3,986,43,2016
4165,3,986,64,2016
4166,3,986,83,2010
4167,3,986,86,2017
4168,3,139,7,2017
4169,3,139,23,2017
4170,3,139,43,2017
4171,3,139,64,2017
4172,3,139,83,2017
4173,3,139,86,2017
4174,3,139,87,2017
4175,3,251,7,2017
4176,3,251,23,2017
4177,3,251,43,2017
4178,3,251,64,2017
4179,3,251,83,2017
4180,3,251,86,2017
4181,3,251,87,2014
4182,3,729,7,2012
4183,3,729,23,2015
4184,3,729,43,2016
4185,3,729,64,2012
4186,3,729,83,2000
4187,3,729,86,2017
4188,3,733,7,2012
4189,3,733,23,2015
4190,3,733,43,2016
4191,3,733,64,2012
4192,3,733,83,2000
4193,3,733,86,2017
4194,3,241,7,2012
4195,3,241,23,2015
4196,3,241,43,2016
4197,3,241,64,2012
4198,3,241,83,2000
4199,3,241,86,2017
4200,3,212,7,2012
4201,3,212,23,2015
4202,3,212,43,2016
4203,3,212,64,2012
4204,3,212,83,2000
4205,3,212,86,2017
4206,3,1110,7,2012
4207,3,1110,23,2015
4208,3,1110,43,2016
4209,3,1110,64,2012
4210,3,1110,83,2000
4211,3,1110,86,2017
4212,3,63,7,2012
4213,3,63,23,2015
4214,3,63,43,2016
4215,3,63,64,2012
4216,3,63,83,2000
4217,3,63,86,2017
4218,3,646,7,2017
4219,3,646,23,2017
4220,3,646,43,2017
4221,3,646,64,2017
4222,3,646,83,2017
4223,3,646,86,2017
4224,3,646,87,2017
4225,3,988,7,2017
4226,3,988,23,2017
4227,3,988,43,2017
4228,3,988,64,2017
4229,3,988,83,2011
4230,3,988,86,2017
4231,3,988,87,2014
4232,3,894,7,2017
4233,3,894,23,2017
4234,3,894,43,2017
4235,3,894,64,2017
4236,3,894,83,2017
4237,3,894,86,2017
4238,3,894,87,2017
4239,3,512,7,2017
4240,3,512,23,2017
4241,3,512,43,2017
4242,3,512,64,2017
4243,3,512,83,2011
4244,3,512,86,2017
4245,3,512,87,2014
4246,3,691,7,2012
4247,3,691,23,2015
4248,3,691,43,2016
4249,3,691,64,2012
4250,3,691,83,2000
4251,3,691,86,2017
4252,3,973,7,2017
4253,3,973,23,2017
4254,3,973,43,2017
4255,3,973,64,2017
4256,3,973,83,2017
4257,3,973,86,2017
4258,3,973,87,2017
4259,3,191,7,2017
4260,3,191,23,2017
4261,3,191,43,2017
4262,3,191,64,2017
4263,3,191,83,2011
4264,3,191,86,2017
4265,3,191,87,2014
4266,3,982,7,2017
4267,3,982,23,2017
4268,3,982,43,2017
4269,3,982,64,2017
4270,3,982,83,2017
4271,3,982,86,2017
4272,3,982,87,2017
4273,3,842,7,2017
4274,3,842,23,2017
4275,3,842,43,2017
4276,3,842,64,2017
4277,3,842,83,2011
4278,3,842,86,2017
4279,3,842,87,2014
4280,3,350,7,2012
4281,3,350,23,2015
4282,3,350,43,2016
4283,3,350,64,2012
4284,3,350,83,2000
4285,3,350,86,2017
4286,3,943,7,2017
4287,3,943,23,2017
4288,3,943,43,2017
4289,3,943,64,2017
4290,3,943,83,2017
4291,3,943,86,2017
4292,3,943,87,2017
4293,3,648,7,2017
4294,3,648,23,2017
4295,3,648,43,2017
4296,3,648,64,2017
4297,3,648,83,2011
4298,3,648,86,2017
4299,3,648,87,2014
4300,3,892,7,2012
4301,3,892,23,2015
4302,3,892,43,2016
4303,3,892,64,2012
4304,3,892,83,2000
4305,3,892,86,2017
4306,3,294,7,2012
4307,3,294,23,2015
4308,3,294,43,2016
4309,3,294,64,2012
4310,3,294,83,2000
4311,3,294,86,2017
4312,3,480,7,2017
4313,3,480,23,2017
4314,3,480,43,2017
4315,3,480,64,2017
4316,3,480,83,2017
4317,3,480,86,2017
4318,3,480,87,2017
4319,3,324,7,2017
4320,3,324,23,2017
4321,3,324,43,2017
4322,3,324,64,2017
4323,3,324,83,2011
4324,3,324,86,2017
4325,3,324,87,2014
4326,3,260,7,2012
4327,3,260,23,2015
4328,3,260,43,2016
4329,3,260,64,2012
4330,3,260,83,2000
4331,3,260,86,2017
4332,3,1094,7,2012
4333,3,1094,23,2015
4334,3,1094,43,2016
4335,3,1094,64,2012
4336,3,1094,83,2000
4337,3,1094,86,2017
4338,3,50,7,2012
4339,3,50,23,2015
4340,3,50,43,2016
4341,3,50,64,2012
4342,3,50,83,2000
4343,3,50,86,2017
4344,3,132,7,2017
4345,3,132,23,2017
4346,3,132,43,2017
4347,3,132,64,2017
4348,3,132,83,2017
4349,3,132,86,2017
4350,3,132,87,2017
4351,3,449,7,2017
4352,3,449,23,2017
4353,3,449,43,2017
4354,3,449,64,2017
4355,3,449,83,2011
4356,3,449,86,2017
4357,3,449,87,2014
4358,3,274,7,2012
4359,3,274,23,2015
4360,3,274,43,2016
4361,3,274,64,2012
4362,3,274,83,2000
4363,3,274,86,2017
4364,3,361,7,2012
4365,3,361,23,2015
4366,3,361,43,2016
4367,3,361,64,2012
4368,3,361,83,2000
4369,3,361,86,2017
4370,3,661,7,2017
4371,3,661,23,2017
4372,3,661,43,2017
4373,3,661,64,2017
4374,3,661,83,2017
4375,3,661,86,2017
4376,3,661,87,2017
4377,3,367,7,2017
4378,3,367,23,2017
4379,3,367,43,2017
4380,3,367,64,2017
4381,3,367,83,2011
4382,3,367,86,2017
4383,3,367,87,2014
4384,3,906,7,2012
4385,3,906,23,2015
4386,3,906,43,2016
4387,3,906,64,2012
4388,3,906,83,2000
4389,3,906,86,2017
4390,1,589,81,2016
4391,1,295,81,2016
4392,1,491,81,2016
4393,1,492,81,2016
4394,1,483,81,2017
4395,1,65,81,2016
4396,1,966,81,2017
4397,1,779,81,2016
4398,1,257,81,2017
4399,1,145,81,2016
4400,1,974,81,2017
4401,1,1015,81,2016
4402,1,662,81,2016
4403,1,747,81,2016
4404,1,494,81,2016
4405,1,699,81,2016
4406,1,440,81,2016
4407,1,1103,81,2017
4408,1,430,81,2016
4409,1,213,81,2017
4410,1,442,81,2016
4411,1,705,81,2017
4412,1,757,81,2016
4413,1,611,81,2017
4414,1,700,81,2016
4415,1,402,81,2016
4416,1,231,81,2016
4417,1,587,81,2017
4418,1,715,81,2016
4419,1,195,81,2016
4420,1,481,81,2016
4421,1,623,81,2016
4422,1,549,81,2016
4423,1,1028,81,2017
4424,1,369,81,2016
4425,1,960,81,2016
4426,1,273,81,2016
4427,1,80,81,2016
4428,1,344,81,2016
4429,1,335,81,2016
4430,1,66,81,2016
4431,1,186,81,2016
4432,1,721,81,2016
4433,1,929,81,2016
4434,1,219,81,2016
4435,1,1087,81,2016
4436,1,718,81,2016
4437,1,536,81,2016
4438,1,933,81,2016
4439,1,858,81,2016
4440,1,1132,81,2016
4441,1,810,81,2016
4442,1,170,81,2017
4443,1,398,81,2016
4444,1,107,81,2016
4445,1,448,81,2017
4446,1,847,81,2016
4447,1,1112,81,2016
4448,1,495,81,2016
4449,1,633,81,2016
4450,1,205,81,2016
4451,1,364,81,2016
4452,1,48,81,2016
4453,1,1092,81,2016
4454,1,373,81,2016
4455,1,413,81,2016
4456,1,788,81,2017
4457,1,696,81,2016
4458,1,109,81,2017
4459,1,513,81,2016
4460,1,105,81,2016
4461,1,1029,81,2016
4462,1,867,81,2016
4463,1,321,81,2016
4464,1,503,81,2016
4465,1,8,81,2016
4466,1,421,81,2016
4467,1,403,81,2016
4468,1,625,81,2016
4469,1,485,81,2016
4470,1,741,81,2016
4471,1,1036,81,2016
4472,1,456,81,2016
4473,1,454,81,2016
4474,1,1121,81,2017
4475,1,1117,81,2016
4476,1,711,81,2016
4477,1,263,81,2016
4478,1,1016,81,2016
4479,1,822,81,2016
4480,1,175,81,2016
4481,1,1061,81,2016
4482,1,1074,81,2016
4483,1,833,81,2016
4484,1,922,81,2016
4485,1,1124,81,2016
4486,1,1038,81,2016
4487,1,163,81,2016
4488,1,897,81,2017
4489,1,925,81,2016
4490,1,49,81,2016
4491,1,585,81,2016
4492,1,401,81,2017
4493,1,759,81,2016
4494,1,684,81,2016
4495,1,141,81,2016
4496,1,641,81,2016
4497,1,238,81,2017
4498,1,617,81,2016
4499,1,609,81,2016
4500,1,770,81,2016
4501,1,392,81,2016
4502,1,726,81,2016
4503,1,984,81,2016
4504,1,975,81,2016
4505,1,496,81,2016
4506,1,169,81,2017
4507,1,1107,81,2016
4508,1,166,81,2016
